month,allocated_amount,utilized_amount,dataset_version
2024-09,21848082.0,0.0,V41
2024-10,16842031.0,0.0,V41
2024-11,56948128.0,0.0,V41
2024-12,66687425.0,0.0,V41
2025-01,57061010.0,0.0,V41
2025-02,27687708.0,0.0,V41
2025-03,14012450.0,0.0,V41
2025-04,28332478.0,0.0,V41
2025-05,2575000.0,0.0,V41
2025-06,650000.0,150000.0,V41
2025-07,249039.0,0.0,V41
2025-08,699884.0,0.0,V41
2025-09,1100000.0,0.0,V41
2025-11,405000.0,115000.0,V41
2025-12,700000.0,94000.0,V41
2026-01,150000.0,100000.0,V41
2026-02,499246.0,120000.0,V41
2026-04,300000.0,150000.0,V41
2026-05,4500000.0,435675.0,V41
2026-07,1000000.0,17352607.0,V41
2026-08,0.0,46645712.0,V41
