state,mp_name,total_works,works_with_sanction_data,total_sanctioned_amount,high_critical_count,avg_risk_score,max_risk_score,critical_count,high_count,medium_count,low_count,dataset_version,high_critical_rate_pct,small_sample_warning
,,249,0,0.0,167,49.632449799196785,63.94,0,167,82,0,V41,67.07,False
Madhya Pradesh,Janardan Mishra,23,23,31557367.0,12,48.270434782608696,53.32,0,12,11,0,V41,52.17,False
Madhya Pradesh,JYOTIRADITYA M. SCINDIA,47,19,13455273.0,20,45.92659574468085,57.14,0,20,27,0,V41,42.55,False
Madhya Pradesh,SHIVMANGAL SINGH TOMAR,44,21,16400000.0,13,33.823181818181816,54.57,0,13,8,23,V41,29.55,False
Madhya Pradesh,Virendra Kumar,14,4,3849039.0,3,36.85857142857143,52.78,0,3,11,0,V41,21.43,False
Madhya Pradesh,DR. LATA WANKHEDE,79,19,15747630.0,16,36.59367088607595,56.96,0,16,63,0,V41,20.25,False
Madhya Pradesh,Rodmal Nagar,110,99,45840547.0,19,40.33509090909091,57.05,0,19,91,0,V41,17.27,False
Madhya Pradesh,Gajendra Singh Patel,127,95,38671465.0,19,36.10874015748032,56.15,0,19,76,32,V41,14.96,False
Madhya Pradesh,Gyaneshwar Patil,218,87,24731533.0,27,33.95344036697247,55.23,0,27,191,0,V41,12.39,False
Madhya Pradesh,Smt Himadri Singh,49,9,12472040.0,6,23.17183673469388,56.03,0,6,3,40,V41,12.24,False
Madhya Pradesh,DR. RAJESH MISHRA,170,102,33745665.0,16,35.987352941176475,56.48,0,16,154,0,V41,9.41,False
Madhya Pradesh,Shri Sudheer Gupta,62,56,6794092.0,4,39.08177419354839,54.47,0,4,58,0,V41,6.45,False
Madhya Pradesh,RAHUL SINGH LODHI,103,36,10659156.0,3,31.08388349514563,55.43,0,3,33,67,V41,2.91,False
Madhya Pradesh,Durga Das Uikey,221,138,32631426.0,1,24.822669683257917,53.14,0,1,62,158,V41,0.45,False
Madhya Pradesh,SAVITRI THAKUR,158,14,2324364.0,0,15.889746835443038,37.59,0,0,14,144,V41,0.0,False
Madhya Pradesh,Shri Anil Firojiya,140,24,2400000.0,0,11.016285714285715,30.67,0,0,24,116,V41,0.0,False
Madhya Pradesh,Shankar Lalwani,109,2,500000.0,0,10.719724770642202,30.5,0,0,2,107,V41,0.0,False
Madhya Pradesh,SHIVRAJ SINGH CHOUHAN,9,0,0.0,0,22.67,22.67,0,0,0,9,V41,0.0,False
Madhya Pradesh,Smt Sandhya Ray,61,0,0.0,0,16.17,16.17,0,0,0,61,V41,0.0,False
Madhya Pradesh,ASHISH DUBEY,1,0,0.0,0,22.67,22.67,0,0,0,1,V41,0.0,True
Madhya Pradesh,ANITA NAGARSINGH CHOUHAN,35,0,0.0,0,17.11,17.11,0,0,0,35,V41,0.0,False
Madhya Pradesh,Mahendra Singh Solanky,7,0,0.0,0,22.669999999999998,22.67,0,0,0,7,V41,0.0,False
Madhya Pradesh,BHARAT SINGH KUSHWAH,1,0,0.0,0,37.54,37.54,0,0,1,0,V41,0.0,True
Madhya Pradesh,ALOK SHARMA,13,0,0.0,0,26.536153846153848,47.8,0,0,2,11,V41,0.0,False
Madhya Pradesh,Ganesh Singh,73,0,0.0,0,11.9,11.9,0,0,0,73,V41,0.0,False
Madhya Pradesh,Faggan Singh Kulaste,34,8,8000000.0,0,22.811176470588236,31.85,0,0,8,26,V41,0.0,False
Madhya Pradesh,DARSHAN SINGH CHOUDHARY,51,15,1617884.0,0,22.417254901960785,39.97,0,0,15,36,V41,0.0,False
Madhya Pradesh,BUNTY VIVEK SAHU,92,5,850000.0,0,11.019347826086957,42.86,0,0,7,85,V41,0.0,False
Madhya Pradesh,BHARTI PARDHI,74,0,0.0,0,19.17,19.17,0,0,0,74,V41,0.0,False
Madhya Pradesh,Vishnu Dutt Sharma,3,0,0.0,0,31.046666666666667,47.8,0,0,1,2,V41,0.0,True
