transaction_id,work_id,dataset_version,vendor_name,amount,date,expected_range,deviation_percent,ai_flag,payment_status
TXN-000001,WS/MP650/2025-2026/242025,V41,SHRI GANESH ASSOCIATES PROPRIETOR NARAYAN SHARMA,101562.0,2026-08-23,"97,771.20 - 101,140.80",2.12,LOW,Payment In-Progress
TXN-000002,WS/MP650/2025-2026/242024,V41,SHRI GANESH ASSOCIATES PROPRIETOR NARAYAN SHARMA,97350.0,2026-08-23,"97,771.20 - 101,140.80",-2.12,LOW,Payment In-Progress
TXN-000003,WS/MP444/2026-2027/254267,V41,PRATIBHA PRATISHTHAN,1999844.0,2026-07-27,"1,999,844.00 - 1,999,844.00",0.0,LOW,Payment In-Progress
TXN-000004,WS/MP641/2026-2027/258152,V41,cmobistan,150000.0,2026-04-24,"150,000.00 - 150,000.00",0.0,LOW,Payment In-Progress
TXN-000005,WS/MP18100/2025-2026/211005,V41,GRAM PANCHYAT NER,40000.0,2026-08-19,"40,000.00 - 40,000.00",0.0,LOW,Payment In-Progress
TXN-000006,WS/MP18104/2025-2026/213696,V41,Sachiv Gram panchayat kulamadi,75000.0,2026-01-06,"75,000.00 - 75,000.00",0.0,LOW,Payment In-Progress
TXN-000007,WS/MP18100/2025-2026/249986,V41,Sarpanch Gram Panchayat KERIYA,120000.0,2026-02-03,"120,000.00 - 120,000.00",0.0,LOW,Payment In-Progress
TXN-000008,WS/MP18104/2025-2026/154234,V41,Khyati Sports,25000.0,2026-01-22,"25,000.00 - 25,000.00",0.0,LOW,Payment In-Progress
TXN-000009,WS/MP18100/2025-2026/251014,V41,GRAM PANCHAYAT ARJUNWADI,60000.0,2026-08-25,"60,000.00 - 60,000.00",0.0,LOW,Payment In-Progress
TXN-000010,WS/MP18100/2026-2027/263128,V41,GRAM PANCHYATBINEKI,75000.0,2026-08-19,"75,000.00 - 75,000.00",0.0,LOW,Payment In-Progress
TXN-000011,WS/MP18100/2026-2027/260018,V41,GRAM PANCHAYAT GADMAU,40000.0,2026-08-17,"40,000.00 - 40,000.00",0.0,LOW,Payment In-Progress
TXN-000012,WS/MP18108/2026-2027/287215,V41,MANISH FEBRICATION,150229.0,2026-08-27,"150,229.00 - 150,229.00",0.0,LOW,Payment In-Progress
TXN-000013,WS/MP18108/2026-2027/287216,V41,MANISH FEBRICATION,150229.0,2026-08-27,"150,229.00 - 150,229.00",0.0,LOW,Payment In-Progress
TXN-000014,WS/MP18108/2026-2027/287213,V41,MANISH FEBRICATION,150229.0,2026-08-27,"150,229.00 - 150,229.00",0.0,LOW,Payment In-Progress
TXN-000015,WS/MP18108/2026-2027/287226,V41,MANISH FEBRICATION,157341.0,2026-08-27,"150,229.00 - 150,229.00",4.73,LOW,Payment In-Progress
TXN-000016,WS/MP18108/2026-2027/287227,V41,MANISH FEBRICATION,157341.0,2026-08-27,"150,229.00 - 150,229.00",4.73,LOW,Payment In-Progress
TXN-000017,WS/MP18108/2026-2027/287214,V41,MANISH FEBRICATION,150229.0,2026-08-27,"150,229.00 - 150,229.00",0.0,LOW,Payment In-Progress
TXN-000018,WS/MP18108/2026-2027/287219,V41,MANISH FEBRICATION,150229.0,2026-08-27,"150,229.00 - 150,229.00",0.0,LOW,Payment In-Progress
TXN-000019,WS/MP18108/2026-2027/287220,V41,MANISH FEBRICATION,150229.0,2026-08-27,"150,229.00 - 150,229.00",0.0,LOW,Payment In-Progress
TXN-000020,WS/MP18108/2026-2027/288339,V41,MANISH FEBRICATION,150229.0,2026-08-27,"150,229.00 - 150,229.00",0.0,LOW,Payment In-Progress
TXN-000021,WS/MP18108/2026-2027/288338,V41,MANISH FEBRICATION,150229.0,2026-08-27,"150,229.00 - 150,229.00",0.0,LOW,Payment In-Progress
TXN-000022,WS/MP18108/2026-2027/288583,V41,MANISH FEBRICATION,150229.0,2026-08-27,"150,229.00 - 150,229.00",0.0,LOW,Payment In-Progress
TXN-000023,WS/MP18108/2026-2027/288582,V41,MANISH FEBRICATION,150229.0,2026-08-27,"150,229.00 - 150,229.00",0.0,LOW,Payment In-Progress
TXN-000024,WS/MP18108/2026-2027/288546,V41,MANISH FEBRICATION,150229.0,2026-08-27,"150,229.00 - 150,229.00",0.0,LOW,Payment In-Progress
TXN-000025,WS/MP18108/2026-2027/287217,V41,MANISH FEBRICATION,150229.0,2026-08-27,"150,229.00 - 150,229.00",0.0,LOW,Payment In-Progress
TXN-000026,WS/MP18108/2026-2027/287218,V41,MANISH FEBRICATION,150229.0,2026-08-27,"150,229.00 - 150,229.00",0.0,LOW,Payment In-Progress
TXN-000027,WS/MP18108/2026-2027/288337,V41,MANISH FEBRICATION,150229.0,2026-08-27,"150,229.00 - 150,229.00",0.0,LOW,Payment In-Progress
TXN-000028,WS/MP18108/2026-2027/287222,V41,MANISH FEBRICATION,150229.0,2026-08-27,"150,229.00 - 150,229.00",0.0,LOW,Payment In-Progress
TXN-000029,WS/MP18108/2026-2027/287223,V41,MANISH FEBRICATION,150229.0,2026-08-27,"150,229.00 - 150,229.00",0.0,LOW,Payment In-Progress
TXN-000030,WS/MP18108/2026-2027/287224,V41,MANISH FEBRICATION,150229.0,2026-08-27,"150,229.00 - 150,229.00",0.0,LOW,Payment In-Progress
TXN-000031,WS/MP18108/2026-2027/287225,V41,MANISH FEBRICATION,150229.0,2026-08-27,"150,229.00 - 150,229.00",0.0,LOW,Payment In-Progress
TXN-000032,WS/MP18108/2026-2027/288545,V41,MANISH FEBRICATION,150229.0,2026-08-27,"150,229.00 - 150,229.00",0.0,LOW,Payment In-Progress
TXN-000033,WS/MP18108/2026-2027/287221,V41,MANISH FEBRICATION,150229.0,2026-08-27,"150,229.00 - 150,229.00",0.0,LOW,Payment In-Progress
TXN-000034,WS/MP444/2025-2026/252365,V41,YADAV TRADERS,75000.0,2026-08-20,"75,000.00 - 75,000.00",0.0,LOW,Payment In-Progress
TXN-000035,WS/MP18100/2026-2027/261394,V41,GRAM PANCHAYAT MAU,40000.0,2026-08-25,"40,000.00 - 40,000.00",0.0,LOW,Payment In-Progress
TXN-000036,WS/MP18100/2026-2027/263127,V41,GRAM PANCHYAT KHAMI,100000.0,2026-08-19,"100,000.00 - 100,000.00",0.0,LOW,Payment In-Progress
TXN-000037,WS/MP18100/2026-2027/263129,V41,GRAM PANCHYAT LINGPANI,75000.0,2026-08-19,"75,000.00 - 75,000.00",0.0,LOW,Payment In-Progress
TXN-000038,WS/MP18100/2026-2027/263396,V41,GRAM PANCHAYAT SAROTH,40000.0,2026-08-17,"40,000.00 - 40,000.00",0.0,LOW,Payment In-Progress
TXN-000039,WS/MP18100/2026-2027/263092,V41,sarpanch gp khajriantu,60000.0,2026-08-19,"60,000.00 - 60,000.00",0.0,LOW,Payment In-Progress
TXN-000040,WS/MP18100/2026-2027/263410,V41,sarpanch gp dhala,60000.0,2026-08-19,"60,000.00 - 60,000.00",0.0,LOW,Payment In-Progress
TXN-000041,WS/MP18100/2025-2026/179869,V41,Gram panchayat Ambada,240000.0,2026-08-27,"240,000.00 - 240,000.00",0.0,LOW,Payment In-Progress
TXN-000042,WS/MP18104/2026-2027/290510,V41,GRAM PANCHAYAT SURELA KISHOR SFC,125000.0,2026-08-25,"125,000.00 - 125,000.00",0.0,LOW,Payment In-Progress
TXN-000043,WS/MP18100/2025-2026/206194,V41,Gram panchayat Rajna,240000.0,2026-08-27,"240,000.00 - 240,000.00",0.0,LOW,Payment In-Progress
TXN-000044,WS/MP18100/2026-2027/263076,V41,sarpanch gp khamrajethu,100000.0,2026-08-19,"100,000.00 - 100,000.00",0.0,LOW,Payment In-Progress
TXN-000045,WS/MP356/2026-2027/295201,V41,CEO JANPAD PANCHAYAT SITAMAU,75000.0,2026-08-27,"75,000.00 - 112,500.00",-20.0,MEDIUM,Payment In-Progress
TXN-000046,WS/MP356/2026-2027/294976,V41,CEO JANPAD PANCHAYAT SITAMAU,125000.0,2026-08-27,"75,000.00 - 112,500.00",33.33,MEDIUM,Payment In-Progress
TXN-000047,WS/MP356/2026-2027/284065,V41,CEO JANPAD PANCHAYAT SITAMAU,100000.0,2026-08-27,"75,000.00 - 112,500.00",6.67,LOW,Payment In-Progress
TXN-000048,WS/MP356/2026-2027/284014,V41,CEO JANPAD PANCHAYAT SITAMAU,100000.0,2026-08-27,"75,000.00 - 112,500.00",6.67,LOW,Payment In-Progress
TXN-000049,WS/MP356/2026-2027/277509,V41,CEO JANPAD PANCHAYAT SITAMAU,100000.0,2026-08-27,"75,000.00 - 112,500.00",6.67,LOW,Payment In-Progress
TXN-000050,WS/MP356/2025-2026/225529,V41,CEO JANPAD PANCHAYAT SITAMAU,75000.0,2026-08-27,"75,000.00 - 112,500.00",-20.0,MEDIUM,Payment In-Progress
TXN-000051,WS/MP638/2026-2027/294139,V41,GRAM PANCHAYAT BANDNI,180000.0,2026-08-21,"180,000.00 - 180,000.00",0.0,LOW,Payment In-Progress
TXN-000052,WS/MP18107/2025-2026/261266,V41,PUNNIYAKHIDI,148562.0,2026-07-13,"148,562.00 - 148,562.00",0.0,LOW,Payment In-Progress
TXN-000053,WS/MP18107/2024-2025/163615,V41,PATDI,120000.0,2026-07-03,"120,000.00 - 120,000.00",0.0,LOW,Payment In-Progress
TXN-000054,WS/MP638/2026-2027/236221,V41,GRAM PANCHAYAT SARSED,124582.0,2026-08-20,"124,582.00 - 124,582.00",0.0,LOW,Payment In-Progress
TXN-000055,WS/MP446/2026-2027/288488,V41,GRAM PANCHAYAT BAMITHA,300000.0,2026-08-21,"300,000.00 - 300,000.00",0.0,LOW,Payment In-Progress
TXN-000056,WS/MP446/2026-2027/288623,V41,GRAM PANCHAYAT BAMITHA,300000.0,2026-08-21,"300,000.00 - 300,000.00",0.0,LOW,Payment In-Progress
TXN-000057,WS/MP18102/2026-2027/287005,V41,Gram Panchayat Sundrel J P Dharmpuri Dhar,250000.0,2026-08-27,"250,000.00 - 250,000.00",0.0,LOW,Payment In-Progress
TXN-000058,WS/MP446/2026-2027/288627,V41,GRAM PANCHAYAT BUMHORIPURWA,300000.0,2026-08-21,"300,000.00 - 300,000.00",0.0,LOW,Payment In-Progress
TXN-000059,WS/MP18109/2025-2026/240681,V41,SE O and M MPPKVVCL SIDHI,97276.0,2026-08-14,"39,132.00 - 435,675.00",-59.03,HIGH,Payment In-Progress
TXN-000060,WS/MP18109/2025-2026/240680,V41,SE O and M MPPKVVCL SIDHI,154652.0,2026-08-18,"39,132.00 - 435,675.00",-34.86,MEDIUM,Payment In-Progress
TXN-000061,WS/MP18109/2025-2026/240688,V41,SE O and M MPPKVVCL SIDHI,29584.0,2026-08-18,"39,132.00 - 435,675.00",-87.54,HIGH,Payment In-Progress
TXN-000062,WS/MP18109/2025-2026/240689,V41,SE O and M MPPKVVCL SIDHI,70330.0,2026-08-18,"39,132.00 - 435,675.00",-70.38,HIGH,Payment In-Progress
TXN-000063,WS/MP18109/2025-2026/240687,V41,SE O and M MPPKVVCL SIDHI,80296.0,2026-08-18,"39,132.00 - 435,675.00",-66.18,HIGH,Payment In-Progress
TXN-000064,WS/MP18101/2025-2026/229926,V41,MP STATE AGRO CHHATARPUR,364616.0,2026-08-19,"364,616.00 - 364,616.00",0.0,LOW,Payment In-Progress
TXN-000065,WS/MP18109/2025-2026/240682,V41,SE O and M MPPKVVCL SIDHI,39132.0,2026-08-25,"39,132.00 - 435,675.00",-83.52,HIGH,Payment In-Progress
TXN-000066,WS/MP18109/2025-2026/240682,V41,SE O and M MPPKVVCL SIDHI,435675.0,2026-05-14,"39,132.00 - 435,675.00",83.52,HIGH,Payment In-Progress
TXN-000067,WS/MP18109/2025-2026/240686,V41,SE O and M MPPKVVCL SIDHI,308487.0,2026-08-10,"39,132.00 - 435,675.00",29.94,MEDIUM,Payment In-Progress
TXN-000068,WS/MP18109/2025-2026/240684,V41,SE O and M MPPKVVCL SIDHI,345085.0,2026-08-11,"39,132.00 - 435,675.00",45.36,MEDIUM,Payment In-Progress
TXN-000069,WS/MP18109/2025-2026/240685,V41,SE O and M MPPKVVCL SIDHI,776983.0,2026-08-14,"39,132.00 - 435,675.00",227.28,HIGH,Payment In-Progress
TXN-000070,WS/MP18109/2025-2026/240683,V41,SE O and M MPPKVVCL SIDHI,290193.0,2026-08-14,"39,132.00 - 435,675.00",22.24,MEDIUM,Payment In-Progress
TXN-000071,WS/MP642/2025-2026/196590,V41,ARVIND SINGH SATNA,267676.0,2026-08-27,"79,868.50 - 266,678.50",54.48,HIGH,Payment In-Progress
TXN-000072,WS/MP642/2025-2026/196576,V41,ARVIND SINGH SATNA,251896.0,2026-08-27,"79,868.50 - 266,678.50",45.37,MEDIUM,Payment In-Progress
TXN-000073,WS/MP642/2025-2026/196589,V41,ARVIND SINGH SATNA,252878.0,2026-08-27,"79,868.50 - 266,678.50",45.94,MEDIUM,Payment In-Progress
TXN-000074,WS/MP642/2025-2026/196624,V41,ARVIND SINGH SATNA,64940.0,2026-08-27,"79,868.50 - 266,678.50",-62.52,HIGH,Payment In-Progress
TXN-000075,WS/MP642/2025-2026/196613,V41,ARVIND SINGH SATNA,244262.0,2026-08-27,"79,868.50 - 266,678.50",40.97,MEDIUM,Payment In-Progress
TXN-000076,WS/MP642/2025-2026/196597,V41,ARVIND SINGH SATNA,265681.0,2026-08-27,"79,868.50 - 266,678.50",53.33,HIGH,Payment In-Progress
TXN-000077,WS/MP642/2025-2026/196614,V41,ARVIND SINGH SATNA,94797.0,2026-08-27,"79,868.50 - 266,678.50",-45.29,MEDIUM,Payment In-Progress
TXN-000078,WS/MP642/2025-2026/196619,V41,ARVIND SINGH SATNA,193957.0,2026-08-27,"79,868.50 - 266,678.50",11.94,LOW,Payment In-Progress
TXN-000079,WS/MP642/2025-2026/196588,V41,ARVIND SINGH SATNA,285774.0,2026-08-27,"79,868.50 - 266,678.50",64.93,HIGH,Payment In-Progress
TXN-000080,WS/MP642/2025-2026/196579,V41,ARVIND SINGH SATNA,186922.0,2026-08-27,"79,868.50 - 266,678.50",7.88,LOW,Payment In-Progress
TXN-000081,WS/MP642/2025-2026/196603,V41,ARVIND SINGH SATNA,237046.0,2026-08-27,"79,868.50 - 266,678.50",36.8,MEDIUM,Payment In-Progress
TXN-000082,WS/MP642/2025-2026/196620,V41,ARVIND SINGH SATNA,247324.0,2026-08-27,"79,868.50 - 266,678.50",42.74,MEDIUM,Payment In-Progress
TXN-000083,WS/MP642/2025-2026/196593,V41,ARVIND SINGH SATNA,260120.0,2026-08-27,"79,868.50 - 266,678.50",50.12,HIGH,Payment In-Progress
TXN-000084,WS/MP642/2025-2026/196604,V41,ARVIND SINGH SATNA,234493.0,2026-08-27,"79,868.50 - 266,678.50",35.33,MEDIUM,Payment In-Progress
TXN-000085,WS/MP642/2025-2026/196594,V41,ARVIND SINGH SATNA,227606.0,2026-08-27,"79,868.50 - 266,678.50",31.36,MEDIUM,Payment In-Progress
TXN-000086,WS/MP642/2025-2026/196598,V41,ARVIND SINGH SATNA,55373.0,2026-08-27,"79,868.50 - 266,678.50",-68.04,HIGH,Payment In-Progress
TXN-000087,WS/MP18104/2026-2027/288543,V41,SARPANCH GRAM PANCHAYAT SHIVPUR,80000.0,2026-08-05,"80,000.00 - 80,000.00",0.0,LOW,Payment In-Progress
TXN-000088,WS/MP18104/2026-2027/288543,V41,SARPANCH GRAM PANCHAYAT SHIVPUR,80000.0,2026-08-06,"80,000.00 - 80,000.00",0.0,LOW,Payment In-Progress
TXN-000089,WS/MP18357/2025-2026/191783,V41,Gram Panchayat Shergarh,500000.0,2026-08-19,"500,000.00 - 500,000.00",0.0,LOW,Payment In-Progress
TXN-000090,WS/MP18109/2025-2026/179965,V41,gram panchayat jamuniha,750000.0,2026-08-25,"750,000.00 - 750,000.00",0.0,LOW,Payment In-Progress
TXN-000091,WS/MP18109/2025-2026/179962,V41,gram panchayat ghiyar,500000.0,2026-08-25,"500,000.00 - 500,000.00",0.0,LOW,Payment In-Progress
TXN-000092,WS/MP18357/2025-2026/193426,V41,gram panchayat gadi barod,494899.0,2026-08-19,"494,899.00 - 494,899.00",0.0,LOW,Payment In-Progress
TXN-000093,WS/MP643/2024-2025/146340,V41,Kamdhenu Agency,150000.0,2025-06-10,"150,000.00 - 150,000.00",0.0,LOW,Payment In-Progress
TXN-000094,WS/MP18102/2025-2026/182464,V41,GRAM PANCHAYAT PATHAMOTI JANPAD PANCHAYAT UMARBAN,250000.0,2026-08-24,"250,000.00 - 250,000.00",0.0,LOW,Payment In-Progress
TXN-000095,WS/MP650/2025-2026/270890,V41,NAVKANJ ASSOCIATES,88717.0,2026-08-23,"89,401.60 - 100,661.80",-6.64,LOW,Payment In-Progress
TXN-000096,WS/MP650/2025-2026/271210,V41,NAVKANJ ASSOCIATES,102276.0,2026-08-23,"89,401.60 - 100,661.80",7.62,LOW,Payment In-Progress
TXN-000097,WS/MP650/2025-2026/270899,V41,NAVKANJ ASSOCIATES,94314.0,2026-08-23,"89,401.60 - 100,661.80",-0.76,LOW,Payment In-Progress
TXN-000098,WS/MP650/2025-2026/270897,V41,NAVKANJ ASSOCIATES,89912.0,2026-08-23,"89,401.60 - 100,661.80",-5.39,LOW,Payment In-Progress
TXN-000099,WS/MP650/2025-2026/270895,V41,NAVKANJ ASSOCIATES,99970.0,2026-08-23,"89,401.60 - 100,661.80",5.2,LOW,Payment In-Progress
TXN-000100,WS/MP650/2025-2026/270891,V41,NAVKANJ ASSOCIATES,98115.0,2026-08-23,"89,401.60 - 100,661.80",3.24,LOW,Payment In-Progress
TXN-000101,WS/MP650/2025-2026/271215,V41,NAVKANJ ASSOCIATES,95365.0,2026-08-23,"89,401.60 - 100,661.80",0.35,LOW,Payment In-Progress
TXN-000102,WS/MP650/2025-2026/271214,V41,NAVKANJ ASSOCIATES,89695.0,2026-08-23,"89,401.60 - 100,661.80",-5.62,LOW,Payment In-Progress
TXN-000103,WS/MP18104/2025-2026/181967,V41,Sarpanch Gram Panchayat Luchgaon,150000.0,2026-07-20,"150,000.00 - 150,000.00",0.0,LOW,Payment In-Progress
TXN-000104,WS/MP18104/2025-2026/174717,V41,Sachiv gram panchayat Mehraghat,47000.0,2025-12-26,"47,000.00 - 47,000.00",0.0,LOW,Payment In-Progress
TXN-000105,WS/MP18104/2025-2026/174718,V41,Sachiv gram panchayat Mehraghat,47000.0,2025-12-26,"47,000.00 - 47,000.00",0.0,LOW,Payment In-Progress
TXN-000106,WS/MP18104/2024-2025/153170,V41,GRAM PANCHAYAT RICHHEDA,25000.0,2026-08-25,"25,000.00 - 25,000.00",0.0,LOW,Payment In-Progress
TXN-000107,WS/MP360/2025-2026/214359,V41,GRAM PANCHAYAT AMLAWADBEEKA,400000.0,2026-08-07,"400,000.00 - 400,000.00",0.0,LOW,Payment In-Progress
TXN-000108,WS/MP18108/2026-2027/298837,V41,Gram Panchayat Kathoda Fazalpur,375000.0,2026-08-25,"375,000.00 - 375,000.00",0.0,LOW,Payment In-Progress
TXN-000109,WS/MP18104/2025-2026/153165,V41,RACHNA ENTERPRISES,115000.0,2025-11-10,"115,000.00 - 115,000.00",0.0,LOW,Payment In-Progress
TXN-000110,WS/MP654/2025-2026/230682,V41,GRAM KOSH NEGAI,500000.0,2026-08-05,"500,000.00 - 500,000.00",0.0,LOW,Payment In-Progress
TXN-000111,WS/MP654/2026-2027/300734,V41,Gram Panchayat Khamhariya Baagri,400000.0,2026-08-27,"355,000.00 - 395,000.00",6.67,LOW,Payment In-Progress
TXN-000112,WS/MP654/2026-2027/301028,V41,Gram Panchayat Khamhariya Baagri,350000.0,2026-08-27,"355,000.00 - 395,000.00",-6.67,LOW,Payment In-Progress
TXN-000113,WS/MP18108/2026-2027/298838,V41,Gram Panchayat Airan Mirjapur,375000.0,2026-08-24,"375,000.00 - 375,000.00",0.0,LOW,Payment In-Progress
TXN-000114,WS/MP18109/2025-2026/244420,V41,GRAM PANCHAYAT TENDUHA NO 1,99900.0,2026-08-24,"64,674.40 - 94,880.00",25.22,MEDIUM,Payment In-Progress
TXN-000115,WS/MP18109/2025-2026/244420,V41,GRAM PANCHAYAT TENDUHA NO 1,62143.0,2026-08-24,"64,674.40 - 94,880.00",-22.1,MEDIUM,Payment In-Progress
TXN-000116,WS/MP18109/2025-2026/244420,V41,GRAM PANCHAYAT TENDUHA NO 1,74800.0,2026-08-24,"64,674.40 - 94,880.00",-6.24,LOW,Payment In-Progress
TXN-000117,WS/MP18100/2025-2026/186780,V41,MAA NARMADA CONSTRUCTION,497735.0,2026-08-25,"497,735.00 - 497,735.00",0.0,LOW,Payment In-Progress
TXN-000118,WS/MP18108/2025-2026/150369,V41,Sardar Vallabhbhi Patel Samiti,247872.0,2026-08-24,"247,872.00 - 247,872.00",0.0,LOW,Payment In-Progress
TXN-000119,WS/MP18105/2025-2026/185722,V41,VASTUANANTA DESIGNS,202313.0,2026-08-10,"208,302.20 - 232,867.00",-8.28,LOW,Payment In-Progress
TXN-000120,WS/MP18105/2025-2026/185740,V41,VASTUANANTA DESIGNS,233019.0,2026-08-10,"208,302.20 - 232,867.00",5.64,LOW,Payment In-Progress
TXN-000121,WS/MP18105/2025-2026/185732,V41,VASTUANANTA DESIGNS,232259.0,2026-08-25,"208,302.20 - 232,867.00",5.29,LOW,Payment In-Progress
TXN-000122,WS/MP18102/2025-2026/233973,V41,Gram Panchayat Amjhera janpad Panchayat sardarpur,400000.0,2026-08-20,"400,000.00 - 400,000.00",0.0,LOW,Payment In-Progress
TXN-000123,WS/MP18104/2025-2026/244428,V41,Sachiv gram panchayat Nitaya,74000.0,2026-07-30,"74,000.00 - 74,000.00",0.0,LOW,Payment In-Progress
TXN-000124,WS/MP356/2025-2026/253031,V41,MALVI JINGER MOCHI SAMAJ KALYAN SAMITI,500000.0,2026-08-25,"500,000.00 - 500,000.00",0.0,LOW,Payment In-Progress
TXN-000125,WS/MP18104/2025-2026/174713,V41,GP CHHAWARA JP BADI,50000.0,2026-08-21,"50,000.00 - 50,000.00",0.0,LOW,Payment In-Progress
TXN-000126,WS/MP18109/2026-2027/247523,V41,GRAM PANCHAYAT OBARHA JANPAD PANCHAYAT SIDHI,100000.0,2026-08-27,"100,000.00 - 100,000.00",0.0,LOW,Payment In-Progress
TXN-000127,WS/MP18109/2026-2027/247523,V41,GRAM PANCHAYAT OBARHA JANPAD PANCHAYAT SIDHI,100000.0,2026-08-27,"100,000.00 - 100,000.00",0.0,LOW,Payment In-Progress
TXN-000128,WS/MP18109/2025-2026/244412,V41,Gram panchayat Madwa,121632.0,2026-08-25,"122,300.50 - 127,648.50",-2.67,LOW,Payment In-Progress
TXN-000129,WS/MP18109/2025-2026/244412,V41,Gram panchayat Madwa,128317.0,2026-08-25,"122,300.50 - 127,648.50",2.67,LOW,Payment In-Progress
TXN-000130,WS/MP18104/2026-2027/287612,V41,GRAM PANCHAYAT RAIKHEDI SFC,50000.0,2026-08-25,"50,000.00 - 50,000.00",0.0,LOW,Payment In-Progress
TXN-000131,WS/MP638/2025-2026/235577,V41,gram panchayat sijora,103817.0,2026-07-25,"103,817.00 - 103,817.00",0.0,LOW,Payment In-Progress
TXN-000132,WS/MP638/2026-2027/235940,V41,GRAM PANCHAYAT TILA,103819.0,2026-07-11,"103,819.00 - 103,819.00",0.0,LOW,Payment In-Progress
TXN-000133,WS/MP18104/2026-2027/290483,V41,SFC GRAM PANCHAYAT MATHNI,75000.0,2026-08-25,"75,000.00 - 75,000.00",0.0,LOW,Payment In-Progress
TXN-000134,WS/MP18104/2026-2027/272471,V41,Sachiv gram panchyat Piperpani,30000.0,2026-08-27,"30,000.00 - 30,000.00",0.0,LOW,Payment In-Progress
TXN-000135,WS/MP638/2024-2025/152443,V41,DEEPAK KUMAR SHARMA,1176053.0,2026-08-25,"1,176,092.60 - 1,176,266.20",-0.01,LOW,Payment In-Progress
TXN-000136,WS/MP638/2024-2025/152450,V41,DEEPAK KUMAR SHARMA,1176270.0,2026-08-25,"1,176,092.60 - 1,176,266.20",0.01,LOW,Payment In-Progress
TXN-000137,WS/MP638/2024-2025/152444,V41,DEEPAK KUMAR SHARMA,1176251.0,2026-08-25,"1,176,092.60 - 1,176,266.20",0.01,LOW,Payment In-Progress
TXN-000138,WS/MP642/2026-2027/199817,V41,SHREE KRIPA ENTERPRISES SATNA,291965.0,2026-08-27,"75,363.00 - 259,005.60",74.64,HIGH,Payment In-Progress
TXN-000139,WS/MP642/2026-2027/199820,V41,SHREE KRIPA ENTERPRISES SATNA,245954.0,2026-08-27,"75,363.00 - 259,005.60",47.12,MEDIUM,Payment In-Progress
TXN-000140,WS/MP642/2026-2027/199842,V41,SHREE KRIPA ENTERPRISES SATNA,233565.0,2026-08-27,"75,363.00 - 259,005.60",39.71,MEDIUM,Payment In-Progress
TXN-000141,WS/MP642/2026-2027/199841,V41,SHREE KRIPA ENTERPRISES SATNA,213779.0,2026-08-27,"75,363.00 - 259,005.60",27.87,MEDIUM,Payment In-Progress
TXN-000142,WS/MP642/2026-2027/199840,V41,SHREE KRIPA ENTERPRISES SATNA,220725.0,2026-08-27,"75,363.00 - 259,005.60",32.02,MEDIUM,Payment In-Progress
TXN-000143,WS/MP642/2026-2027/199839,V41,SHREE KRIPA ENTERPRISES SATNA,203207.0,2026-08-27,"75,363.00 - 259,005.60",21.55,MEDIUM,Payment In-Progress
TXN-000144,WS/MP642/2026-2027/198553,V41,SHREE KRIPA ENTERPRISES SATNA,256842.0,2026-08-27,"75,363.00 - 259,005.60",53.63,HIGH,Payment In-Progress
TXN-000145,WS/MP642/2026-2027/198568,V41,SHREE KRIPA ENTERPRISES SATNA,211794.0,2026-08-27,"75,363.00 - 259,005.60",26.68,MEDIUM,Payment In-Progress
TXN-000146,WS/MP642/2026-2027/197131,V41,SHREE KRIPA ENTERPRISES SATNA,211478.0,2026-08-27,"75,363.00 - 259,005.60",26.49,MEDIUM,Payment In-Progress
TXN-000147,WS/MP642/2026-2027/198561,V41,SHREE KRIPA ENTERPRISES SATNA,159462.0,2026-08-27,"75,363.00 - 259,005.60",-4.62,LOW,Payment In-Progress
TXN-000148,WS/MP642/2026-2027/199824,V41,SHREE KRIPA ENTERPRISES SATNA,217389.0,2026-08-27,"75,363.00 - 259,005.60",30.03,MEDIUM,Payment In-Progress
TXN-000149,WS/MP642/2026-2027/199837,V41,SHREE KRIPA ENTERPRISES SATNA,49611.0,2026-08-27,"75,363.00 - 259,005.60",-70.33,HIGH,Payment In-Progress
TXN-000150,WS/MP642/2026-2027/199838,V41,SHREE KRIPA ENTERPRISES SATNA,221633.0,2026-08-27,"75,363.00 - 259,005.60",32.57,MEDIUM,Payment In-Progress
TXN-000151,WS/MP642/2026-2027/199835,V41,SHREE KRIPA ENTERPRISES SATNA,209674.0,2026-08-27,"75,363.00 - 259,005.60",25.41,MEDIUM,Payment In-Progress
TXN-000152,WS/MP642/2026-2027/197134,V41,SHREE KRIPA ENTERPRISES SATNA,161042.0,2026-08-27,"75,363.00 - 259,005.60",-3.67,LOW,Payment In-Progress
TXN-000153,WS/MP642/2026-2027/198554,V41,SHREE KRIPA ENTERPRISES SATNA,161042.0,2026-08-27,"75,363.00 - 259,005.60",-3.67,LOW,Payment In-Progress
TXN-000154,WS/MP446/2026-2027/288629,V41,GRAM PANCHAYAT PAHADI WAVAN,360000.0,2026-08-20,"360,000.00 - 360,000.00",0.0,LOW,Payment In-Progress
TXN-000155,WS/MP18103/2026-2027/277952,V41,A J CONSTRUCTION,559057.0,2026-08-25,"559,057.00 - 559,057.00",0.0,LOW,Payment In-Progress
TXN-000156,WS/MP446/2026-2027/288625,V41,GRAM PANCHAYAT NAYAGAON,360000.0,2026-08-25,"360,000.00 - 360,000.00",0.0,LOW,Payment In-Progress
TXN-000157,WS/MP446/2026-2027/288624,V41,GRAM PANCHAYAT DHAWAD,600000.0,2026-08-21,"600,000.00 - 600,000.00",0.0,LOW,Payment In-Progress
TXN-000158,WS/MP18104/2026-2027/287626,V41,GRAM PANCHAYAT SANDIYA SFC,100000.0,2026-08-25,"100,000.00 - 100,000.00",0.0,LOW,Payment In-Progress
TXN-000159,WS/MP18104/2026-2027/290505,V41,GRAM PANCHAYAT MATKULI SFC,100000.0,2026-08-25,"100,000.00 - 100,000.00",0.0,LOW,Payment In-Progress
TXN-000160,WS/MP446/2026-2027/288640,V41,GRAM PANCHAYAT ANDHIYARI BARI,300000.0,2026-08-21,"300,000.00 - 300,000.00",0.0,LOW,Payment In-Progress
TXN-000161,WS/MP638/2026-2027/260001,V41,Gram Panchayat Kanera,200000.0,2026-08-19,"200,000.00 - 200,000.00",0.0,LOW,Payment In-Progress
TXN-000162,WS/MP18101/2026-2027/287605,V41,GRAM PANCHAYAT PADAJHIR,1000000.0,2026-08-13,"1,000,000.00 - 1,000,000.00",0.0,LOW,Payment In-Progress
TXN-000163,WS/MP18098/2026-2027/261046,V41,L R URADE BILDING MATERIAL SUPLAYARS,49000.0,2026-08-18,"18,400.00 - 45,600.00",53.12,HIGH,Payment In-Progress
TXN-000164,WS/MP18098/2026-2027/261046,V41,L R URADE BILDING MATERIAL SUPLAYARS,15000.0,2026-08-18,"18,400.00 - 45,600.00",-53.12,HIGH,Payment In-Progress
TXN-000165,WS/MP18098/2026-2027/261046,V41,ASHISH KUMAR JAISWAL,22050.0,2026-08-18,"22,050.00 - 22,050.00",0.0,LOW,Payment In-Progress
TXN-000166,WS/MP18098/2026-2027/261046,V41,SUSHIL TRADERS,49742.0,2026-08-18,"49,742.00 - 49,742.00",0.0,LOW,Payment In-Progress
TXN-000167,WS/MP18104/2026-2027/285646,V41,Sarpanch Gram Panchayat Somalwada,50000.0,2026-08-25,"50,000.00 - 50,000.00",0.0,LOW,Payment In-Progress
TXN-000168,WS/MP446/2026-2027/288513,V41,GRAM PANCHAYAT PRATAPPURA,300000.0,2026-08-21,"300,000.00 - 300,000.00",0.0,LOW,Payment In-Progress
TXN-000169,WS/MP644/2026-2027/287554,V41,GP KATKI,300000.0,2026-08-20,"300,000.00 - 300,000.00",0.0,LOW,Payment In-Progress
TXN-000170,WS/MP18098/2026-2027/261046,V41,gram bharti balaghat,39011.0,2026-08-18,"45,237.40 - 95,048.60",-44.38,MEDIUM,Payment In-Progress
TXN-000171,WS/MP18098/2026-2027/261046,V41,gram bharti balaghat,101275.0,2026-08-18,"45,237.40 - 95,048.60",44.38,MEDIUM,Payment In-Progress
TXN-000172,WS/MP360/2026-2027/295381,V41,EE MPPKVVCL MANDSAUR AE MPPKVVCL RATLAM,1672640.0,2026-08-17,"1,672,640.00 - 1,672,640.00",0.0,LOW,Payment In-Progress
TXN-000173,WS/MP638/2024-2025/152420,V41,JAIN SONS TRADERS,600000.0,2026-08-18,"600,000.00 - 600,000.00",0.0,LOW,Payment In-Progress
TXN-000174,WS/MP644/2026-2027/289040,V41,GP CHANDEH,375000.0,2026-08-21,"375,000.00 - 375,000.00",0.0,LOW,Payment In-Progress
TXN-000175,WS/MP18102/2026-2027/286998,V41,Gram Panchayat Kapasthal janpad Panchayat sardarpur,250000.0,2026-08-27,"250,000.00 - 250,000.00",0.0,LOW,Payment In-Progress
TXN-000176,WS/MP18109/2026-2027/205624,V41,Sonu Singh,249728.0,2026-08-21,"249,728.00 - 249,728.00",0.0,LOW,Payment In-Progress
TXN-000177,WS/MP18099/2026-2027/281679,V41,Brahman Parishad berasia,700000.0,2026-08-24,"700,000.00 - 700,000.00",0.0,LOW,Payment Success
TXN-000178,WS/MP640/2026-2027/163384,V41,MANISH CONSTRUCTION AND VENDORS,300000.0,2026-08-19,"210,000.00 - 290,000.00",20.0,MEDIUM,Payment Success
TXN-000179,WS/MP640/2026-2027/163384,V41,MANISH CONSTRUCTION AND VENDORS,200000.0,2026-08-24,"210,000.00 - 290,000.00",-20.0,MEDIUM,Payment Success
TXN-000180,WS/MP443/2026-2027/292931,V41,GP JAMONIYA JP BIAORA,150000.0,2026-08-18,"150,000.00 - 150,000.00",0.0,LOW,Payment Success
TXN-000181,WS/MP643/2025-2026/259819,V41,gram panchayat bhawsa,500000.0,2026-08-17,"500,000.00 - 500,000.00",0.0,LOW,Payment Success
TXN-000182,WS/MP18103/2026-2027/285484,V41,GP DUBAHA,250000.0,2026-08-14,"250,000.00 - 250,000.00",0.0,LOW,Payment Success
TXN-000183,WS/MP18104/2026-2027/285482,V41,GRAM PANCHAYAT MISROD SARPANCH GRAM,150000.0,2026-08-14,"150,000.00 - 150,000.00",0.0,LOW,Payment Success
TXN-000184,WS/MP640/2026-2027/274765,V41,GRAM PANCHAYAT NARENDRAGARH,300000.0,2026-08-14,"300,000.00 - 300,000.00",0.0,LOW,Payment Success
TXN-000185,WS/MP640/2026-2027/271122,V41,GRAM PANCHAYAT SINGARPUR,300000.0,2026-08-12,"300,000.00 - 300,000.00",0.0,LOW,Payment Success
TXN-000186,WS/MP18104/2026-2027/285516,V41,Sarpanch Gram Panchayat Bharlai,350000.0,2026-08-19,"350,000.00 - 350,000.00",0.0,LOW,Payment Success
TXN-000187,WS/MP653/2026-2027/289947,V41,GP SHEKUKHEDA JAWAR,200000.0,2026-08-10,"200,000.00 - 200,000.00",0.0,LOW,Payment Success
TXN-000188,WS/MP18104/2026-2027/278047,V41,Sarpanch Gram Panchayat Vasaniyakalan,50000.0,2026-08-11,"50,000.00 - 50,000.00",0.0,LOW,Payment Success
TXN-000189,WS/MP18104/2026-2027/290577,V41,Sarpanch Gram Panchayat Hirankheda,50000.0,2026-08-11,"50,000.00 - 50,000.00",0.0,LOW,Payment Success
TXN-000190,WS/MP640/2026-2027/273075,V41,MPEB,516000.0,2026-08-13,"516,000.00 - 516,000.00",0.0,LOW,Payment Success
TXN-000191,WS/MP18101/2026-2027/287604,V41,GRAM PANCHAYAT MAHANTPUR JP DAMOH,300000.0,2026-08-10,"300,000.00 - 300,000.00",0.0,LOW,Payment Success
TXN-000192,WS/MP18109/2026-2027/164962,V41,GRAM PANCHAYAT RAMPUR,49995.0,2026-08-05,"49,938.20 - 49,995.00",0.06,LOW,Payment Success
TXN-000193,WS/MP18109/2026-2027/164962,V41,GRAM PANCHAYAT RAMPUR,49995.0,2026-08-05,"49,938.20 - 49,995.00",0.06,LOW,Payment Success
TXN-000194,WS/MP18109/2026-2027/164962,V41,GRAM PANCHAYAT RAMPUR,49995.0,2026-08-05,"49,938.20 - 49,995.00",0.06,LOW,Payment Success
TXN-000195,WS/MP18109/2026-2027/164962,V41,GRAM PANCHAYAT RAMPUR,49921.0,2026-08-05,"49,938.20 - 49,995.00",-0.09,LOW,Payment Success
TXN-000196,WS/MP18109/2026-2027/164962,V41,GRAM PANCHAYAT RAMPUR,49964.0,2026-08-05,"49,938.20 - 49,995.00",-0.01,LOW,Payment Success
TXN-000197,WS/MP650/2025-2026/212496,V41,Jai Baba Barfani trader,249621.0,2026-08-19,"249,621.00 - 249,621.00",0.0,LOW,Payment Success
TXN-000198,WS/MP650/2025-2026/212495,V41,TANVEER Engineering,201594.0,2026-08-19,"201,594.00 - 201,594.00",0.0,LOW,Payment Success
TXN-000199,WS/MP18103/2026-2027/295298,V41,Gram Panchayat Chakrampur,250000.0,2026-08-12,"250,000.00 - 250,000.00",0.0,LOW,Payment Success
TXN-000200,WS/MP18103/2026-2027/288868,V41,Gram Panchayat Kathegra,250000.0,2026-08-13,"250,000.00 - 250,000.00",0.0,LOW,Payment Success
TXN-000201,WS/MP640/2026-2027/274762,V41,MISHRA GROUP,500000.0,2026-08-06,"500,000.00 - 500,000.00",0.0,LOW,Payment Success
TXN-000202,WS/MP18375/2026-2027/286830,V41,abhibhashak sangh goharganj,250000.0,2026-08-03,"250,000.00 - 250,000.00",0.0,LOW,Payment Success
TXN-000203,WS/MP18108/2026-2027/282359,V41,Gram Panchayat Heerapur,150000.0,2026-08-20,"150,000.00 - 150,000.00",0.0,LOW,Payment Success
TXN-000204,WS/MP18108/2026-2027/282360,V41,Gram Panchayat Heerapur,150000.0,2026-08-20,"150,000.00 - 150,000.00",0.0,LOW,Payment Success
TXN-000205,WS/MP18103/2026-2027/288880,V41,GRAM PANCHAYAT FULIPURA,250000.0,2026-08-01,"250,000.00 - 250,000.00",0.0,LOW,Payment Success
TXN-000206,WS/MP18103/2026-2027/288095,V41,GRAM PANCHAYAT CHARCH,250000.0,2026-08-06,"250,000.00 - 250,000.00",0.0,LOW,Payment Success
TXN-000207,WS/MP18103/2026-2027/286982,V41,GRAM PANCHAYAT SALODA,250000.0,2026-08-10,"250,000.00 - 250,000.00",0.0,LOW,Payment Success
TXN-000208,WS/MP18100/2026-2027/234935,V41,Naveen Infraspace Private Limited,600000.0,2026-08-05,"600,000.00 - 600,000.00",0.0,LOW,Payment Success
TXN-000209,WS/MP638/2026-2027/236542,V41,GRAM PANCHAYAT BUDOUR,240000.0,2026-08-11,"240,000.00 - 240,000.00",0.0,LOW,Payment Success
TXN-000210,WS/MP446/2026-2027/288515,V41,GRAM PANCHAYAT SILON,300000.0,2026-08-11,"300,000.00 - 300,000.00",0.0,LOW,Payment Success
TXN-000211,WS/MP18108/2026-2027/282357,V41,Gram Panchayat Chandwar,375000.0,2026-08-20,"375,000.00 - 375,000.00",0.0,LOW,Payment Success
TXN-000212,WS/MP18103/2026-2027/286520,V41,Gram Panchayat Khudawali,250000.0,2026-08-06,"250,000.00 - 250,000.00",0.0,LOW,Payment Success
TXN-000213,WS/MP18103/2026-2027/288882,V41,GramPanchayat Bahgavan,250000.0,2026-07-26,"250,000.00 - 250,000.00",0.0,LOW,Payment Success
TXN-000214,WS/MP18103/2026-2027/288923,V41,Gram Panchayat Barkhadi,250000.0,2026-07-26,"250,000.00 - 250,000.00",0.0,LOW,Payment Success
TXN-000215,WS/MP18109/2026-2027/230484,V41,GRAM PANCHAYAT BADHAURA,63500.0,2026-07-27,"22,840.00 - 74,600.00",30.34,MEDIUM,Payment Success
TXN-000216,WS/MP18109/2026-2027/230484,V41,GRAM PANCHAYAT BADHAURA,82000.0,2026-07-27,"22,840.00 - 74,600.00",68.31,HIGH,Payment Success
TXN-000217,WS/MP18109/2026-2027/230484,V41,GRAM PANCHAYAT BADHAURA,5000.0,2026-07-27,"22,840.00 - 74,600.00",-89.74,HIGH,Payment Success
TXN-000218,WS/MP18109/2026-2027/230484,V41,GRAM PANCHAYAT BADHAURA,49840.0,2026-07-27,"22,840.00 - 74,600.00",2.3,LOW,Payment Success
TXN-000219,WS/MP18109/2026-2027/230484,V41,GRAM PANCHAYAT BADHAURA,49600.0,2026-07-27,"22,840.00 - 74,600.00",1.81,LOW,Payment Success
TXN-000220,WS/MP446/2026-2027/288604,V41,GRAM PANCHAYAT PATNA,300000.0,2026-07-31,"300,000.00 - 300,000.00",0.0,LOW,Payment Success
TXN-000221,WS/MP446/2026-2027/288636,V41,GRAM PANCHAYAT GUDHORA,300000.0,2026-07-31,"300,000.00 - 300,000.00",0.0,LOW,Payment Success
TXN-000222,WS/MP18103/2026-2027/288920,V41,Gram Panchayat Talbhev,250000.0,2026-07-31,"250,000.00 - 250,000.00",0.0,LOW,Payment Success
TXN-000223,WS/MP18103/2026-2027/288891,V41,Gram Panchayat Sonhar,250000.0,2026-07-23,"250,000.00 - 250,000.00",0.0,LOW,Payment Success
TXN-000224,WS/MP640/2026-2027/270766,V41,gram panchayat shreenagar,100000.0,2026-08-04,"100,000.00 - 100,000.00",0.0,LOW,Payment Success
TXN-000225,WS/MP640/2026-2027/270774,V41,gram panchayat shreenagar,100000.0,2026-08-04,"100,000.00 - 100,000.00",0.0,LOW,Payment Success
TXN-000226,WS/MP640/2026-2027/270690,V41,gram panchayat noni,100000.0,2026-07-27,"100,000.00 - 100,000.00",0.0,LOW,Payment Success
TXN-000227,WS/MP640/2026-2027/270699,V41,gram panchayat khamariya,100000.0,2026-07-27,"100,000.00 - 100,000.00",0.0,LOW,Payment Success
TXN-000228,WS/MP640/2026-2027/270768,V41,gram panchayat katkuhi,100000.0,2026-08-04,"100,000.00 - 100,000.00",0.0,LOW,Payment Success
TXN-000229,WS/MP356/2026-2027/277658,V41,Gram Panchayat Gothda,100000.0,2026-07-23,"100,000.00 - 100,000.00",0.0,LOW,Payment Success
TXN-000230,WS/MP18103/2026-2027/288864,V41,GRAM PANCHAYAT GHATAI,250000.0,2026-07-30,"250,000.00 - 250,000.00",0.0,LOW,Payment Success
TXN-000231,WS/MP18103/2026-2027/286528,V41,GRAM PANCHAYAT KHARAIDAVAR,250000.0,2026-07-30,"250,000.00 - 250,000.00",0.0,LOW,Payment Success
TXN-000232,WS/MP18103/2026-2027/296135,V41,GRAM PANCHAYAT RAIPUR,250000.0,2026-07-30,"250,000.00 - 250,000.00",0.0,LOW,Payment Success
TXN-000233,WS/MP18103/2026-2027/286542,V41,GRAM PANCHAYAT BAMRA,250000.0,2026-07-30,"250,000.00 - 250,000.00",0.0,LOW,Payment Success
TXN-000234,WS/MP18103/2026-2027/288910,V41,Gram Panchayat Jaitpur,250000.0,2026-07-30,"250,000.00 - 250,000.00",0.0,LOW,Payment Success
TXN-000235,WS/MP18103/2026-2027/286173,V41,Gram Panchayat Kaikhoda,250000.0,2026-07-23,"250,000.00 - 250,000.00",0.0,LOW,Payment Success
TXN-000236,WS/MP18104/2026-2027/154225,V41,SHRI SANKAT MOCHAN JAN KALYAN SAMITI,180000.0,2026-07-21,"180,000.00 - 180,000.00",0.0,LOW,Payment Success
TXN-000237,WS/MP643/2025-2026/251157,V41,Sudhir Bare,34900.0,2026-07-18,"34,900.00 - 34,900.00",0.0,LOW,Payment Success
TXN-000238,WS/MP643/2025-2026/251157,V41,Dilip Patel,34800.0,2026-07-18,"34,800.00 - 34,800.00",0.0,LOW,Payment Success
TXN-000239,WS/MP18099/2026-2027/289986,V41,Khatakhedi,1400000.0,2026-07-20,"1,400,000.00 - 1,400,000.00",0.0,LOW,Payment Success
TXN-000240,WS/MP18104/2025-2026/204535,V41,YOGENDRA KUMAR PATEL,148020.0,2026-07-21,"148,020.00 - 148,020.00",0.0,LOW,Payment Success
TXN-000241,WS/MP638/2026-2027/259975,V41,GRAM PANCHAYAT DAURIYA,180000.0,2026-07-14,"180,000.00 - 180,000.00",0.0,LOW,Payment Success
TXN-000242,WS/MP642/2026-2027/197112,V41,SHREE KRIPA ENTERPRISES SATNA,63837.0,2026-07-17,"75,363.00 - 259,005.60",-61.82,HIGH,Payment Success
TXN-000243,WS/MP642/2026-2027/197123,V41,SHREE KRIPA ENTERPRISES SATNA,233533.0,2026-07-14,"75,363.00 - 259,005.60",39.69,MEDIUM,Payment Success
TXN-000244,WS/MP642/2026-2027/197133,V41,SHREE KRIPA ENTERPRISES SATNA,73031.0,2026-07-14,"75,363.00 - 259,005.60",-56.32,HIGH,Payment Success
TXN-000245,WS/MP642/2026-2027/197124,V41,SHREE KRIPA ENTERPRISES SATNA,214303.0,2026-07-19,"75,363.00 - 259,005.60",28.18,MEDIUM,Payment Success
TXN-000246,WS/MP642/2026-2027/197129,V41,SHREE KRIPA ENTERPRISES SATNA,75946.0,2026-07-19,"75,363.00 - 259,005.60",-54.57,HIGH,Payment Success
TXN-000247,WS/MP642/2026-2027/197128,V41,SHREE KRIPA ENTERPRISES SATNA,247050.0,2026-07-19,"75,363.00 - 259,005.60",47.77,MEDIUM,Payment Success
TXN-000248,WS/MP642/2026-2027/246075,V41,SHREE KRIPA ENTERPRISES SATNA,466151.0,2026-07-19,"75,363.00 - 259,005.60",178.82,HIGH,Payment Success
TXN-000249,WS/MP642/2026-2027/246074,V41,SHREE KRIPA ENTERPRISES SATNA,92774.0,2026-07-19,"75,363.00 - 259,005.60",-44.51,MEDIUM,Payment Success
TXN-000250,WS/MP642/2026-2027/198562,V41,SHREE KRIPA ENTERPRISES SATNA,203760.0,2026-07-19,"75,363.00 - 259,005.60",21.88,MEDIUM,Payment Success
TXN-000251,WS/MP642/2026-2027/198564,V41,SHREE KRIPA ENTERPRISES SATNA,212455.0,2026-07-19,"75,363.00 - 259,005.60",27.08,MEDIUM,Payment Success
TXN-000252,WS/MP642/2026-2027/198566,V41,SHREE KRIPA ENTERPRISES SATNA,267660.0,2026-07-19,"75,363.00 - 259,005.60",60.1,HIGH,Payment Success
TXN-000253,WS/MP642/2026-2027/198565,V41,SHREE KRIPA ENTERPRISES SATNA,194899.0,2026-07-19,"75,363.00 - 259,005.60",16.58,LOW,Payment Success
TXN-000254,WS/MP642/2026-2027/198560,V41,SHREE KRIPA ENTERPRISES SATNA,194842.0,2026-07-19,"75,363.00 - 259,005.60",16.54,LOW,Payment Success
TXN-000255,WS/MP18099/2026-2027/286584,V41,Dillod,350000.0,2026-08-05,"350,000.00 - 350,000.00",0.0,LOW,Payment Success
TXN-000256,WS/MP18109/2026-2027/238385,V41,GRAM PANCHAYAT NAUGAWAN DHIR SINGH,225000.0,2026-07-16,"135,000.00 - 215,000.00",28.57,MEDIUM,Payment Success
TXN-000257,WS/MP18109/2026-2027/238385,V41,GRAM PANCHAYAT NAUGAWAN DHIR SINGH,125000.0,2026-07-16,"135,000.00 - 215,000.00",-28.57,MEDIUM,Payment Success
TXN-000258,WS/MP446/2026-2027/288626,V41,GRAM PANCHAYAT MAUMASANIYA,300000.0,2026-07-30,"300,000.00 - 300,000.00",0.0,LOW,Payment Success
TXN-000259,WS/MP446/2026-2027/288493,V41,GRAM PANCHAYAT MAUMASANIYA,300000.0,2026-07-30,"300,000.00 - 300,000.00",0.0,LOW,Payment Success
TXN-000260,WS/MP643/2025-2026/177006,V41,Maa Durga Workshop,49995.0,2026-07-07,"49,905.80 - 49,995.00",0.09,LOW,Payment Success
TXN-000261,WS/MP643/2025-2026/177006,V41,Maa Durga Workshop,49987.0,2026-07-07,"49,905.80 - 49,995.00",0.07,LOW,Payment Success
TXN-000262,WS/MP643/2025-2026/177006,V41,Maa Durga Workshop,49979.0,2026-07-07,"49,905.80 - 49,995.00",0.06,LOW,Payment Success
TXN-000263,WS/MP643/2025-2026/177006,V41,Maa Durga Workshop,49956.0,2026-07-07,"49,905.80 - 49,995.00",0.01,LOW,Payment Success
TXN-000264,WS/MP643/2025-2026/177006,V41,Maa Durga Workshop,49972.0,2026-07-07,"49,905.80 - 49,995.00",0.04,LOW,Payment Success
TXN-000265,WS/MP643/2025-2026/177006,V41,Maa Durga Workshop,49995.0,2026-07-07,"49,905.80 - 49,995.00",0.09,LOW,Payment Success
TXN-000266,WS/MP643/2025-2026/177006,V41,Maa Durga Workshop,49921.0,2026-07-07,"49,905.80 - 49,995.00",-0.06,LOW,Payment Success
TXN-000267,WS/MP643/2025-2026/177006,V41,Maa Durga Workshop,49913.0,2026-07-07,"49,905.80 - 49,995.00",-0.07,LOW,Payment Success
TXN-000268,WS/MP643/2025-2026/177006,V41,Maa Durga Workshop,49905.0,2026-07-07,"49,905.80 - 49,995.00",-0.09,LOW,Payment Success
TXN-000269,WS/MP643/2025-2026/177006,V41,Maa Durga Workshop,49897.0,2026-07-07,"49,905.80 - 49,995.00",-0.11,LOW,Payment Success
TXN-000270,WS/MP643/2025-2026/177006,V41,Maa Durga Workshop,49921.0,2026-07-07,"49,905.80 - 49,995.00",-0.06,LOW,Payment Success
TXN-000271,WS/MP643/2025-2026/177006,V41,Maa Durga Workshop,49995.0,2026-07-07,"49,905.80 - 49,995.00",0.09,LOW,Payment Success
TXN-000272,WS/MP18109/2026-2027/244415,V41,GRAM PANCHAYAT BAGHAYU,45000.0,2026-07-07,"15,000.00 - 46,250.00",46.94,MEDIUM,Payment Success
TXN-000273,WS/MP18109/2026-2027/244415,V41,GRAM PANCHAYAT BAGHAYU,47500.0,2026-07-07,"15,000.00 - 46,250.00",55.1,HIGH,Payment Success
TXN-000274,WS/MP18109/2026-2027/244415,V41,GRAM PANCHAYAT BAGHAYU,25000.0,2026-07-07,"15,000.00 - 46,250.00",-18.37,LOW,Payment Success
TXN-000275,WS/MP18109/2026-2027/244415,V41,GRAM PANCHAYAT BAGHAYU,45000.0,2026-07-07,"15,000.00 - 46,250.00",46.94,MEDIUM,Payment Success
TXN-000276,WS/MP18109/2026-2027/244415,V41,GRAM PANCHAYAT BAGHAYU,17500.0,2026-07-07,"15,000.00 - 46,250.00",-42.86,MEDIUM,Payment Success
TXN-000277,WS/MP18109/2026-2027/244415,V41,GRAM PANCHAYAT BAGHAYU,12500.0,2026-07-07,"15,000.00 - 46,250.00",-59.18,HIGH,Payment Success
TXN-000278,WS/MP18102/2026-2027/222598,V41,Gram Panchayat Bachhadawada janpad Panchayat nalchha district dhar,350000.0,2026-08-07,"350,000.00 - 350,000.00",0.0,LOW,Payment Success
TXN-000279,WS/MP640/2026-2027/271458,V41,GRAM PANCHAYAT DHANOURA,375000.0,2026-07-09,"375,000.00 - 375,000.00",0.0,LOW,Payment Success
TXN-000280,WS/MP640/2026-2027/274719,V41,JILA CHANDRAWANSHI GOULI MAHASABHA SAMITI BHOMA SEONI,375000.0,2026-07-09,"150,000.00 - 350,000.00",50.0,HIGH,Payment Success
TXN-000281,WS/MP640/2026-2027/274719,V41,JILA CHANDRAWANSHI GOULI MAHASABHA SAMITI BHOMA SEONI,125000.0,2026-08-20,"150,000.00 - 350,000.00",-50.0,HIGH,Payment Success
TXN-000282,WS/MP640/2026-2027/273061,V41,GRAM PANCHAYAT CHHUI,150000.0,2026-07-08,"150,000.00 - 150,000.00",0.0,LOW,Payment Success
TXN-000283,WS/MP640/2026-2027/270992,V41,GRAM PANCHAYAT INDRI MAWAI,300000.0,2026-07-03,"300,000.00 - 300,000.00",0.0,LOW,Payment Success
TXN-000284,WS/MP640/2026-2027/271113,V41,GRAM PANCHAYAT JHIRIYA,300000.0,2026-07-03,"300,000.00 - 300,000.00",0.0,LOW,Payment Success
TXN-000285,WS/MP640/2026-2027/271123,V41,GRAM PANCHAYAT BARKHEDA,300000.0,2026-07-03,"300,000.00 - 300,000.00",0.0,LOW,Payment Success
TXN-000286,WS/MP18104/2025-2026/229571,V41,YVS Fitness and gym equipment,100000.0,2026-07-24,"100,000.00 - 100,000.00",0.0,LOW,Payment Success
TXN-000287,WS/MP18104/2026-2027/229584,V41,GP SILARIKALA JP UDAIPURA,100000.0,2026-07-02,"100,000.00 - 100,000.00",0.0,LOW,Payment Success
TXN-000288,WS/MP18104/2026-2027/213505,V41,GP SAGONIYA JP BADI,75000.0,2026-07-02,"75,000.00 - 75,000.00",0.0,LOW,Payment Success
TXN-000289,WS/MP18107/2024-2025/163595,V41,GURJEET SINGH,2202571.0,2026-07-06,"2,202,571.00 - 2,202,571.00",0.0,LOW,Payment Success
TXN-000290,WS/MP18108/2025-2026/256422,V41,Ramkishan Dubey,71096.0,2026-07-30,"96,151.80 - 197,423.80",-51.57,HIGH,Payment Success
TXN-000291,WS/MP18108/2025-2026/256422,V41,Ramkishan Dubey,197686.0,2026-07-30,"96,151.80 - 197,423.80",34.67,MEDIUM,Payment Success
TXN-000292,WS/MP18108/2025-2026/256422,V41,Ramkishan Dubey,196375.0,2026-07-23,"96,151.80 - 197,423.80",33.78,MEDIUM,Payment Success
TXN-000293,WS/MP18104/2026-2027/152597,V41,SARPANCH GRAM PANCHAYAT CHOURAHET,100000.0,2026-08-06,"100,000.00 - 100,000.00",0.0,LOW,Payment Success
