vendor_name,total_payment,projects,avg_cost,avg_risk,dataset_version
SHREE KRIPA ENTERPRISES SATNA,5809403.0,29,200324.24137931035,51.157586206896546,V41
DEEPAK KUMAR SHARMA,3528574.0,3,1176191.3333333333,57.65,V41
ARVIND SINGH SATNA,3370745.0,16,210671.5625,61.901875000000004,V41
MANISH FEBRICATION,3319262.0,22,150875.54545454544,50.18545454545454,V41
SE O and M MPPKVVCL SIDHI,2627693.0,10,262769.3,61.352999999999994,V41
GURJEET SINGH,2202571.0,1,2202571.0,63.94,V41
PRATIBHA PRATISHTHAN,1999844.0,1,1999844.0,63.01,V41
EE MPPKVVCL MANDSAUR AE MPPKVVCL RATLAM,1672640.0,1,1672640.0,43.38,V41
Khatakhedi,1400000.0,1,1400000.0,37.59,V41
GRAM PANCHAYAT PADAJHIR,1000000.0,1,1000000.0,36.62,V41
NAVKANJ ASSOCIATES,758364.0,8,94795.5,58.44625,V41
gram panchayat jamuniha,750000.0,1,750000.0,36.69,V41
Gram Panchayat Khamhariya Baagri,750000.0,2,375000.0,55.84,V41
Brahman Parishad berasia,700000.0,1,700000.0,36.47,V41
VASTUANANTA DESIGNS,667591.0,3,222530.33333333334,54.4,V41
GRAM PANCHAYAT DHAWAD,600000.0,1,600000.0,36.37,V41
Naveen Infraspace Private Limited,600000.0,1,600000.0,36.37,V41
GRAM PANCHAYAT BAMITHA,600000.0,2,300000.0,54.29,V41
JAIN SONS TRADERS,600000.0,1,600000.0,36.37,V41
GRAM PANCHAYAT MAUMASANIYA,600000.0,2,300000.0,54.29,V41
Maa Durga Workshop,599436.0,1,599436.0,43.49,V41
CEO JANPAD PANCHAYAT SITAMAU,575000.0,6,95833.33333333333,54.09166666666667,V41
A J CONSTRUCTION,559057.0,1,559057.0,36.31,V41
MPEB,516000.0,1,516000.0,36.18,V41
MANISH CONSTRUCTION AND VENDORS,500000.0,1,500000.0,35.71,V41
Gram Panchayat Shergarh,500000.0,1,500000.0,35.71,V41
MALVI JINGER MOCHI SAMAJ KALYAN SAMITI,500000.0,1,500000.0,35.71,V41
JILA CHANDRAWANSHI GOULI MAHASABHA SAMITI BHOMA SEONI,500000.0,1,500000.0,35.71,V41
MISHRA GROUP,500000.0,1,500000.0,35.71,V41
GRAM KOSH NEGAI,500000.0,1,500000.0,35.71,V41
gram panchayat bhawsa,500000.0,1,500000.0,35.71,V41
gram panchayat ghiyar,500000.0,1,500000.0,35.71,V41
MAA NARMADA CONSTRUCTION,497735.0,1,497735.0,36.3,V41
gram panchayat gadi barod,494899.0,1,494899.0,55.89,V41
Ramkishan Dubey,465157.0,1,465157.0,52.45,V41
GRAM PANCHAYAT AMLAWADBEEKA,400000.0,1,400000.0,53.68,V41
Gram Panchayat Amjhera janpad Panchayat sardarpur,400000.0,1,400000.0,53.68,V41
GRAM PANCHAYAT DHANOURA,375000.0,1,375000.0,53.36,V41
GP CHANDEH,375000.0,1,375000.0,53.36,V41
Gram Panchayat Airan Mirjapur,375000.0,1,375000.0,53.36,V41
Gram Panchayat Chandwar,375000.0,1,375000.0,53.36,V41
Gram Panchayat Kathoda Fazalpur,375000.0,1,375000.0,53.36,V41
MP STATE AGRO CHHATARPUR,364616.0,1,364616.0,52.96,V41
GRAM PANCHAYAT NAYAGAON,360000.0,1,360000.0,52.73,V41
GRAM PANCHAYAT PAHADI WAVAN,360000.0,1,360000.0,52.73,V41
Gram Panchayat Bachhadawada janpad Panchayat nalchha district dhar,350000.0,1,350000.0,51.68,V41
Sarpanch Gram Panchayat Bharlai,350000.0,1,350000.0,51.68,V41
GRAM PANCHAYAT NAUGAWAN DHIR SINGH,350000.0,1,350000.0,51.68,V41
Dillod,350000.0,1,350000.0,51.68,V41
GRAM PANCHAYAT SINGARPUR,300000.0,1,300000.0,53.77,V41
GRAM PANCHAYAT PRATAPPURA,300000.0,1,300000.0,53.77,V41
GRAM PANCHAYAT SILON,300000.0,1,300000.0,53.77,V41
Gram Panchayat Heerapur,300000.0,2,150000.0,53.54,V41
GRAM PANCHAYAT GUDHORA,300000.0,1,300000.0,53.77,V41
GRAM PANCHAYAT BARKHEDA,300000.0,1,300000.0,53.77,V41
GP KATKI,300000.0,1,300000.0,53.77,V41
GRAM PANCHAYAT ANDHIYARI BARI,300000.0,1,300000.0,53.77,V41
GRAM PANCHAYAT NARENDRAGARH,300000.0,1,300000.0,53.77,V41
GRAM PANCHAYAT MAHANTPUR JP DAMOH,300000.0,1,300000.0,53.77,V41
GRAM PANCHAYAT INDRI MAWAI,300000.0,1,300000.0,53.77,V41
GRAM PANCHAYAT BUMHORIPURWA,300000.0,1,300000.0,53.77,V41
GRAM PANCHAYAT PATNA,300000.0,1,300000.0,53.77,V41
GRAM PANCHAYAT JHIRIYA,300000.0,1,300000.0,53.77,V41
L R URADE BILDING MATERIAL SUPLAYARS,276078.0,1,276078.0,53.56,V41
Gram Panchayat Chakrampur,250000.0,1,250000.0,40.33,V41
GRAM PANCHAYAT KHARAIDAVAR,250000.0,1,250000.0,40.33,V41
Gram Panchayat Kapasthal janpad Panchayat sardarpur,250000.0,1,250000.0,40.33,V41
Gram Panchayat Khudawali,250000.0,1,250000.0,40.33,V41
Gram Panchayat Kaikhoda,250000.0,1,250000.0,40.33,V41
Gram Panchayat Jaitpur,250000.0,1,250000.0,40.33,V41
Gram Panchayat Sonhar,250000.0,1,250000.0,40.33,V41
Gram Panchayat Talbhev,250000.0,1,250000.0,40.33,V41
abhibhashak sangh goharganj,250000.0,1,250000.0,40.33,V41
GramPanchayat Bahgavan,250000.0,1,250000.0,40.33,V41
Gram Panchayat Kathegra,250000.0,1,250000.0,40.33,V41
Gram Panchayat Sundrel J P Dharmpuri Dhar,250000.0,1,250000.0,40.33,V41
GRAM PANCHAYAT GHATAI,250000.0,1,250000.0,40.33,V41
GRAM PANCHAYAT BAMRA,250000.0,1,250000.0,40.33,V41
GRAM PANCHAYAT SALODA,250000.0,1,250000.0,40.33,V41
GRAM PANCHAYAT FULIPURA,250000.0,1,250000.0,40.33,V41
GRAM PANCHAYAT PATHAMOTI JANPAD PANCHAYAT UMARBAN,250000.0,1,250000.0,40.33,V41
Gram Panchayat Barkhadi,250000.0,1,250000.0,40.33,V41
GP DUBAHA,250000.0,1,250000.0,40.33,V41
GRAM PANCHAYAT CHARCH,250000.0,1,250000.0,40.33,V41
GRAM PANCHAYAT RAIPUR,250000.0,1,250000.0,40.33,V41
Gram panchayat Madwa,249949.0,1,249949.0,51.73,V41
GRAM PANCHAYAT BADHAURA,249940.0,1,249940.0,51.76,V41
GRAM PANCHAYAT RAMPUR,249870.0,1,249870.0,59.14,V41
Sonu Singh,249728.0,1,249728.0,51.98,V41
Jai Baba Barfani trader,249621.0,1,249621.0,52.0,V41
Sardar Vallabhbhi Patel Samiti,247872.0,1,247872.0,56.96,V41
GRAM PANCHAYAT BUDOUR,240000.0,1,240000.0,52.85,V41
Gram panchayat Ambada,240000.0,1,240000.0,52.85,V41
Gram panchayat Rajna,240000.0,1,240000.0,52.85,V41
GRAM PANCHAYAT TENDUHA NO 1,236843.0,1,236843.0,53.11,V41
TANVEER Engineering,201594.0,1,201594.0,53.54,V41
GP SHEKUKHEDA JAWAR,200000.0,1,200000.0,52.57,V41
Gram Panchayat Kanera,200000.0,1,200000.0,52.57,V41
GRAM PANCHAYAT OBARHA JANPAD PANCHAYAT SIDHI,200000.0,1,200000.0,59.77,V41
gram panchayat shreenagar,200000.0,2,100000.0,34.94,V41
SHRI GANESH ASSOCIATES PROPRIETOR NARAYAN SHARMA,198912.0,2,99456.0,44.11,V41
GRAM PANCHAYAT BAGHAYU,192500.0,1,192500.0,59.66,V41
GRAM PANCHAYAT BANDNI,180000.0,1,180000.0,52.35,V41
SHRI SANKAT MOCHAN JAN KALYAN SAMITI,180000.0,1,180000.0,52.35,V41
GRAM PANCHAYAT DAURIYA,180000.0,1,180000.0,52.35,V41
SARPANCH GRAM PANCHAYAT SHIVPUR,160000.0,1,160000.0,59.11,V41
GRAM PANCHAYAT MISROD SARPANCH GRAM,150000.0,1,150000.0,52.13,V41
Sarpanch Gram Panchayat Luchgaon,150000.0,1,150000.0,52.13,V41
Kamdhenu Agency,150000.0,1,150000.0,52.96,V41
GRAM PANCHAYAT CHHUI,150000.0,1,150000.0,52.13,V41
GP JAMONIYA JP BIAORA,150000.0,1,150000.0,52.13,V41
cmobistan,150000.0,1,150000.0,52.13,V41
PUNNIYAKHIDI,148562.0,1,148562.0,52.52,V41
YOGENDRA KUMAR PATEL,148020.0,1,148020.0,52.53,V41
GRAM PANCHAYAT SURELA KISHOR SFC,125000.0,1,125000.0,51.84,V41
GRAM PANCHAYAT SARSED,124582.0,1,124582.0,50.84,V41
PATDI,120000.0,1,120000.0,50.89,V41
Sarpanch Gram Panchayat KERIYA,120000.0,1,120000.0,50.89,V41
RACHNA ENTERPRISES,115000.0,1,115000.0,50.83,V41
GRAM PANCHAYAT TILA,103819.0,1,103819.0,51.07,V41
gram panchayat sijora,103817.0,1,103817.0,51.07,V41
gram panchayat khamariya,100000.0,1,100000.0,51.22,V41
gram panchayat noni,100000.0,1,100000.0,51.22,V41
gram panchayat katkuhi,100000.0,1,100000.0,51.22,V41
YVS Fitness and gym equipment,100000.0,1,100000.0,51.22,V41
sarpanch gp khamrajethu,100000.0,1,100000.0,51.22,V41
SARPANCH GRAM PANCHAYAT CHOURAHET,100000.0,1,100000.0,51.22,V41
GRAM PANCHAYAT MATKULI SFC,100000.0,1,100000.0,51.22,V41
GP SILARIKALA JP UDAIPURA,100000.0,1,100000.0,51.22,V41
Gram Panchayat Gothda,100000.0,1,100000.0,51.22,V41
GRAM PANCHAYAT SANDIYA SFC,100000.0,1,100000.0,51.22,V41
GRAM PANCHYAT KHAMI,100000.0,1,100000.0,51.22,V41
Sachiv gram panchayat Mehraghat,94000.0,2,47000.0,54.67,V41
YADAV TRADERS,75000.0,1,75000.0,33.92,V41
Sachiv Gram panchayat kulamadi,75000.0,1,75000.0,33.92,V41
SFC GRAM PANCHAYAT MATHNI,75000.0,1,75000.0,33.92,V41
GRAM PANCHYATBINEKI,75000.0,1,75000.0,33.92,V41
GRAM PANCHYAT LINGPANI,75000.0,1,75000.0,33.92,V41
GP SAGONIYA JP BADI,75000.0,1,75000.0,33.92,V41
Sachiv gram panchayat Nitaya,74000.0,1,74000.0,33.98,V41
Sudhir Bare,69700.0,1,69700.0,34.02,V41
GRAM PANCHAYAT ARJUNWADI,60000.0,1,60000.0,34.07,V41
sarpanch gp dhala,60000.0,1,60000.0,34.07,V41
sarpanch gp khajriantu,60000.0,1,60000.0,34.07,V41
GP CHHAWARA JP BADI,50000.0,1,50000.0,34.25,V41
GRAM PANCHAYAT RAIKHEDI SFC,50000.0,1,50000.0,34.25,V41
Sarpanch Gram Panchayat Vasaniyakalan,50000.0,1,50000.0,34.25,V41
Sarpanch Gram Panchayat Somalwada,50000.0,1,50000.0,34.25,V41
Sarpanch Gram Panchayat Hirankheda,50000.0,1,50000.0,34.25,V41
GRAM PANCHYAT NER,40000.0,1,40000.0,34.33,V41
GRAM PANCHAYAT MAU,40000.0,1,40000.0,34.33,V41
GRAM PANCHAYAT SAROTH,40000.0,1,40000.0,34.33,V41
GRAM PANCHAYAT GADMAU,40000.0,1,40000.0,34.33,V41
Sachiv gram panchyat Piperpani,30000.0,1,30000.0,34.37,V41
Khyati Sports,25000.0,1,25000.0,51.73,V41
GRAM PANCHAYAT RICHHEDA,25000.0,1,25000.0,51.73,V41
