mp_key,mp_name,state,constituency,projects_analyzed,total_recommended,total_sanctioned,total_expenditure,total_cost_overrun,average_risk_score,max_risk_score,high_risk_projects,critical_projects,anomaly_projects,utilization_pct,risk_category
ADV GOWAAL KAGADA PADAVI,ADV GOWAAL KAGADA PADAVI,Maharashtra,NANDURBAR(ST),1,1199000.0,1199000.0,31532479.0,30333479.0,80.8,80.8,1,1,1,2629.8981651376143,Critical
SHRI CHANDRA PRAKASH CHOUDHARY,Shri Chandra Prakash Choudhary,Jharkhand,GIRIDIH,1,300000.0,150000.0,4790763.0,4640763.0,72.72,72.72,1,0,1,3193.842,High
VINOD KUMAR BIND,VINOD KUMAR BIND,Uttar Pradesh,BHADOHI,1,118957.0,118957.0,3331210.0,3212253.0,71.46,71.46,1,0,1,2800.3480249165664,High
RAVINDRA DATTARAM WAIKAR,RAVINDRA DATTARAM WAIKAR,Maharashtra,MUMBAI NORTH WEST,1,0.0,100000.0,8094991.0,7994991.0,70.4,70.4,1,0,1,8094.991,High
AMARSING TISSO,AMARSING TISSO,Assam,Diphu (ST),3,8000000.0,8000000.0,8357353.0,1952786.0,63.943333333333335,70.4,2,0,3,104.46691249999999,High
PIYUSH VEDPRAKASH GOYAL,Piyush Vedprakash Goyal,Maharashtra,MUMBAI NORTH,1,1500000.0,1500000.0,7993929.0,6493929.0,58.57,58.57,0,0,1,532.9286,Medium
RAMBHUAL NISHAD,RAMBHUAL NISHAD,Uttar Pradesh,SULTANPUR,2,0.0,11352234.0,9707139.0,8207139.0,55.66,59.44,0,0,1,85.50862323662462,Medium
SHRI KUMBAKUDI SUDHAKARAN,Shri Kumbakudi Sudhakaran,Kerala,KANNUR,2,800000.0,800000.0,3131605.0,2331605.0,54.94,56.91,0,0,2,391.450625,Medium
SHRI ARUN KUMAR SAGAR,Shri Arun Kumar Sagar,Uttar Pradesh,SHAHJAHANPUR(SC),1,37908000.0,37908000.0,0.0,0.0,54.62,54.62,0,0,0,0.0,Medium
SHRI RAJMOHAN UNNITHAN,Shri Rajmohan Unnithan,Kerala,KASARAGOD,1,600000.0,600000.0,990000.0,390000.0,52.72,52.72,0,0,1,165.0,Medium
NEERAJ MAURYA,NEERAJ MAURYA,Uttar Pradesh,AONLA,1,46470400.0,46470400.0,0.0,0.0,50.61,50.61,0,0,0,0.0,Medium
PUSHPENDRA SAROJ,PUSHPENDRA SAROJ,Uttar Pradesh,KAUSHAMBI(SC),3,147920.0,198720.0,6218338.0,6108382.0,49.31333333333333,77.6,1,0,2,3129.1958534621576,Medium
TOKHAN SAHU,TOKHAN SAHU,Chhattisgarh,BILASPUR,2,0.0,600000.0,8652395.0,8052395.0,48.215,70.4,1,0,2,1442.0658333333333,Medium
SATPAL BRAHAMCHARI,SATPAL BRAHAMCHARI,Haryana,SONEPAT,1,300000.0,545000.0,4549243.0,4004243.0,47.61,47.61,0,0,1,834.7234862385321,Medium
RAJESH RANJAN ALIAS PAPPU YADAV,RAJESH RANJAN ALIAS PAPPU YADAV,Bihar,PURNEA,2,1700000.0,1700000.0,13121600.0,12271600.0,45.605000000000004,73.56,1,0,1,771.8588235294118,Medium
DR RAJESH MISHRA,DR. RAJESH MISHRA,Madhya Pradesh,SIDHI,2,0.0,294942.0,4364485.0,4329485.0,44.775,67.38,1,0,1,1479.7773799594497,Medium
CHANDAN CHAUHAN,CHANDAN CHAUHAN,Uttar Pradesh,BIJNOR,1,603000.0,312700.0,5164365.0,4851665.0,42.31,42.31,0,0,1,1651.5398145187082,Medium
SHRIPAD YESSO NAIK,Shripad Yesso Naik,Goa,NORTH GOA,1,2500000.0,2500000.0,61425.0,0.0,40.88,40.88,0,0,0,2.4570000000000003,Medium
SHRI JUAL ORAM,Shri Jual Oram,Odisha,SUNDARGARH (ST),2,780000.0,1598256.0,6685519.0,5087263.0,40.77,52.99,0,0,2,418.300885465157,Medium
KANGANA RANAUT,Kangana Ranaut,Himachal Pradesh,MANDI,3,300000.0,1680000.0,8466685.0,7186685.0,39.73666666666667,61.52,1,0,2,503.96934523809523,Medium
BHAGIRATH CHAUDHARY,Bhagirath Chaudhary,Rajasthan,AJMER,2,999818.0,5600000.0,4848067.0,0.0,39.71,50.96,0,0,2,86.572625,Medium
KALANIDHI VEERASWAMY,Kalanidhi Veeraswamy,Tamil Nadu,CHENNAI NORTH,1,0.0,10000000.0,0.0,0.0,38.68,38.68,0,0,0,0.0,Medium
DR C N MANJUNATH,DR C N MANJUNATH,Karnataka,BANGALORE RURAL,3,1000000.0,1800000.0,3052097.0,2052500.0,38.413333333333334,44.87,0,0,3,169.56094444444446,Medium
SHRI DHARAMBIR SINGH,Shri Dharambir Singh,Haryana,BHIWANI MAHENDRAGARH,2,0.0,2587961.0,2161765.0,1629008.0,37.665,48.53,0,0,1,83.53159108657357,Medium
THIRU DAYANIDHI MARAN,Thiru Dayanidhi Maran,Tamil Nadu,CHENNAI CENTRAL,1,0.0,10000000.0,0.0,0.0,37.57,37.57,0,0,0,0.0,Medium
BALWANT BASWANT WANKHADE,BALWANT BASWANT WANKHADE,Maharashtra,AMRAVATI(SC),2,2141000.0,1400000.0,9075498.0,8375498.0,37.29,55.96,0,0,1,648.2498571428572,Medium
MS MAHUA MOITRA,Ms Mahua Moitra,West Bengal,KRISHNANAGAR,2,172019.0,2011295.0,3994199.0,3921340.0,36.76,60.4,1,0,1,198.58842188739095,Medium
SHRI NK PREMACHANDRAN,Shri NK Premachandran,Kerala,KOLLAM,1,1500000.0,1500000.0,1100546.0,0.0,34.63,34.63,0,0,0,73.36973333333333,Medium
DAROGA PRASAD SAROJ,DAROGA PRASAD SAROJ,Uttar Pradesh,LALGANJ (SC),2,0.0,1500000.0,7568246.0,6568246.0,33.9,58.32,0,0,1,504.54973333333334,Medium
MADDILA GURUMOORTHY,Maddila Gurumoorthy,Andhra Pradesh,TIRUPATI(SC),1,1423237.0,500000.0,1159001.0,659001.0,33.68,33.68,0,0,1,231.8002,Medium
SAGAR ESHWAR KHANDRE,SAGAR ESHWAR KHANDRE,Karnataka,BIDAR,1,0.0,250000.0,3111750.0,2861750.0,32.65,32.65,0,0,1,1244.6999999999998,Medium
SMT VEENA DEVI,Smt Veena Devi,Bihar,VAISHALI,1,5000000.0,5000000.0,0.0,0.0,32.46,32.46,0,0,0,0.0,Medium
LALJI VERMA,LALJI VERMA,Uttar Pradesh,AMBEDKAR NAGAR,2,500000.0,1000000.0,4741067.0,4241067.0,32.004999999999995,41.91,0,0,1,474.1067,Medium
DR SHARMILA SARKAR,DR. SHARMILA SARKAR,West Bengal,BARDHAMAN PURBA(SC),2,0.0,4641916.0,4653921.0,3326089.0,31.305,34.91,0,0,2,100.25862165536816,Medium
VAITHILINGAM VE,Vaithilingam Ve,Puducherry,Puducherry,3,0.0,7600000.0,5732781.0,2902914.0,30.326666666666664,36.5,0,0,1,75.43132894736843,Medium
SK NURUL ISLAM,SK NURUL ISLAM,West Bengal,BASIRHAT,6,8742500.0,5750000.0,0.0,0.0,29.711666666666662,42.51,0,0,1,0.0,Low
RODMAL NAGAR,Rodmal Nagar,Madhya Pradesh,RAJGARH,2,2740988.0,16277075.0,0.0,0.0,29.505000000000003,43.96,0,0,0,0.0,Low
P C MOHAN,P C Mohan,Karnataka,BANGALORE CENTRAL,1,4739506.0,4739506.0,0.0,0.0,29.21,29.21,0,0,0,0.0,Low
MALVINDER SINGH KANG,MALVINDER SINGH KANG,Punjab,ANANDPUR SAHIB,1,700000.0,500000.0,503751.0,3751.0,27.94,27.94,0,0,1,100.75019999999999,Low
AJENDRA SINGH LODHI,AJENDRA SINGH LODHI,Uttar Pradesh,HAMIRPUR_UP,2,700000.0,1400000.0,5326879.0,4926879.0,27.59,43.58,0,0,1,380.49135714285717,Low
KANIMOZHI KARUNANIDHI,Kanimozhi Karunanidhi,Tamil Nadu,THOOTHUKKUDI,3,0.0,8748954.0,4930818.0,1930818.0,27.49,39.99,0,0,1,56.358943023360276,Low
SHRI KARTI P CHIDAMBARAM,Shri Karti P Chidambaram,Tamil Nadu,SIVAGANGA,2,350000.0,10499714.0,0.0,0.0,27.015,37.46,0,0,0,0.0,Low
ARVIND DHARMAPURI,Arvind Dharmapuri,Telangana,NIZAMABAD,3,1295000.0,1095000.0,2290112.0,1540112.0,26.570000000000004,38.1,0,0,1,209.14264840182648,Low
MALA RAJYA LAXMI SHAH,Mala Rajya Laxmi Shah,Uttarakhand,TEHRI GARHWAL,1,0.0,2498299.0,239085.0,0.0,26.21,26.21,0,0,0,9.56991136769458,Low
RAO INDERJIT SINGH,Rao Inderjit Singh,Haryana,GURGAON,3,1500000.0,3999118.0,3594646.0,3194646.0,25.53,27.66,0,0,1,89.88596985635333,Low
Y S AVINASH REDDY,Y S Avinash Reddy,Andhra Pradesh,KADAPA,2,478000.0,2947908.0,2448989.0,1888754.0,25.3,32.42,0,0,1,83.07548946574995,Low
ASIT KUMAR MAL,Asit Kumar Mal,West Bengal,BOLPUR(SC),2,1514828.0,2497453.0,3831301.0,2331301.0,25.285,35.2,0,0,1,153.40833240905835,Low
CHINTAMANI MAHARAJ,CHINTAMANI MAHARAJ,Chhattisgarh,SARGUJA(ST),1,1000000.0,1000000.0,249749.0,0.0,24.44,24.44,0,0,1,24.974899999999998,Low
ADV DEAN KURIAKOSE,Adv Dean Kuriakose,Kerala,IDUKKI,2,423445.0,423445.0,3901042.0,3685546.0,24.155,36.54,0,0,1,921.262973939945,Low
SHRI SURESH KODIKUNNIL,Shri Suresh Kodikunnil,Kerala,MAVELIKKARA(SC),2,212242.0,3654595.0,1799589.0,38596.0,24.13,25.52,0,0,1,49.241817492772796,Low
KAKOLI GHOSH DASTIDAR,Kakoli Ghosh Dastidar,West Bengal,BARASAT,4,2991032.0,13589911.0,0.0,0.0,24.009999999999998,45.79,0,0,0,0.0,Low
DARSHAN SINGH CHOUDHARY,DARSHAN SINGH CHOUDHARY,Madhya Pradesh,HOSHANGABAD,1,0.0,105000.0,831020.0,726020.0,23.94,23.94,0,0,1,791.4476190476191,Low
JAI PRAKASH,Jai Prakash,Uttar Pradesh,HARDOI (SC),1,4022832.0,4022832.0,0.0,0.0,23.81,23.81,0,0,0,0.0,Low
SHOBHANABEN MAHENDRASINH BARAIYA,SHOBHANABEN MAHENDRASINH BARAIYA,Gujarat,SABARKANTHA,2,1000000.0,1100000.0,3700000.0,2600000.0,23.619999999999997,26.47,0,0,2,336.3636363636364,Low
SHANKAR LALWANI,Shankar Lalwani,Madhya Pradesh,INDORE,1,0.0,250000.0,1408491.0,1158491.0,23.36,23.36,0,0,1,563.3964,Low
ABHIJIT GANGOPADHYAY,ABHIJIT GANGOPADHYAY,West Bengal,TAMLUK,2,1297917.0,600000.0,4221728.0,3721728.0,23.2,32.46,0,0,1,703.6213333333334,Low
JASWANTSINH SUMANBHAI BHABHOR,Jaswantsinh Sumanbhai Bhabhor,Gujarat,DAHOD(ST),5,3850000.0,3800000.0,4660843.0,3960843.0,23.080000000000002,39.53,0,0,2,122.65376315789473,Low
ANDIMUTHU RAJA,Andimuthu Raja,Tamil Nadu,NILGIRIS(SC),2,2600000.0,1899920.0,3482790.0,2082847.0,23.02,36.07,0,0,1,183.31245526127415,Low
ABU TAHER KHAN,Abu Taher Khan,West Bengal,MURSHIDABAD,1,1500000.0,1500000.0,1731974.0,231974.0,22.69,22.69,0,0,1,115.46493333333333,Low
ANUP SANJAY DHOTRE,ANUP SANJAY DHOTRE,Maharashtra,AKOLA,2,1483603.0,1483603.0,4899036.0,3899036.0,22.335,37.69,0,0,1,330.21205807753154,Low
DEEPENDER SINGH HOODA,DEEPENDER SINGH HOODA,Haryana,ROHTAK,3,1597821.0,3700000.0,3937411.0,2963324.0,22.08666666666667,28.58,0,0,3,106.41651351351351,Low
PRATIMA MONDAL,Pratima Mondal,West Bengal,JOYNAGAR(SC),2,948873.0,1449801.0,874827.0,90657.0,21.4,21.52,0,0,2,60.34117785820261,Low
ESWARASAMY K,ESWARASAMY K,Tamil Nadu,POLLACHI,3,0.0,2248805.0,6281543.0,4532738.0,21.153333333333332,34.33,0,0,2,279.32804311623283,Low
INDRA HANG SUBBA,Indra Hang Subba,Sikkim,SIKKIM,1,3000000.0,5000000.0,0.0,0.0,21.14,21.14,0,0,0,0.0,Low
MURASOLI S,MURASOLI S,Tamil Nadu,THANJAVUR,2,2679811.0,2679448.0,2724837.0,46272.0,21.085,22.48,0,0,1,101.6939683098907,Low
PRADYUT BORDOLOI,Pradyut Bordoloi,Assam,NOWGONG,3,600000.0,600000.0,467686.0,79840.0,20.613333333333333,30.52,0,0,2,77.94766666666668,Low
SMT HARSIMRAT KAUR BADAL,Smt Harsimrat Kaur Badal,Punjab,BHATINDA,1,65000.0,400000.0,150000.0,0.0,20.35,20.35,0,0,0,37.5,Low
HASMUKH BHAI SOMA BHAI PATEL,Hasmukh Bhai Soma Bhai Patel,Gujarat,AHMEDABAD EAST,1,1000000.0,1000000.0,337854.0,0.0,20.3,20.3,0,0,0,33.785399999999996,Low
SHRI BENNY BEHANAN,Shri Benny Behanan,Kerala,CHALAKUDY,2,0.0,5757000.0,2118993.0,0.0,20.105,30.53,0,0,1,36.80724335591454,Low
CHAMALA KIRAN KUMAR REDDY,CHAMALA KIRAN KUMAR REDDY,Telangana,BHONGIR,2,0.0,200000.0,1500000.0,1400000.0,19.705,27.48,0,0,1,750.0,Low
RAMESH AWASTHI,RAMESH AWASTHI,Uttar Pradesh,KANPUR,1,3831541.0,3831541.0,0.0,0.0,19.66,19.66,0,0,0,0.0,Low
SMT RAKSHA NIKHIL KHADSE,Smt Raksha Nikhil Khadse,Maharashtra,RAVER,1,2999928.0,2999928.0,0.0,0.0,19.6,19.6,0,0,0,0.0,Low
DR KALGE SHIVAJI BANDAPPA,DR KALGE SHIVAJI BANDAPPA,Maharashtra,LATUR(SC),3,4486755.0,3091677.0,3585791.0,2791687.0,19.396666666666665,38.35,0,0,1,115.98207057205524,Low
EATALA RAJENDER,EATALA RAJENDER,Telangana,MALKAJGIRI,2,1500000.0,1800000.0,2314711.0,1314711.0,19.095,24.31,0,0,1,128.59505555555555,Low
VIJAY BAGHEL,Vijay Baghel,Chhattisgarh,DURG,1,1000000.0,1000000.0,200000.0,0.0,19.07,19.07,0,0,0,20.0,Low
PUTTA MAHESH KUMAR,Putta Mahesh Kumar,Andhra Pradesh,ELURU,3,800000.0,4004000.0,3534081.0,2036908.0,18.923333333333332,28.95,0,0,1,88.26376123876123,Low
KAMLESH JANGDE,KAMLESH JANGDE,Chhattisgarh,JANJGIR CHAMPA(SC),2,749989.0,650000.0,2064285.0,1814285.0,18.735,31.26,0,0,1,317.5823076923077,Low
JAGADISH CHANDRA BARMA BASUNIA,JAGADISH CHANDRA BARMA BASUNIA,West Bengal,COOCHBEHAR(SC),4,10184723.0,10184723.0,0.0,0.0,18.595,35.63,0,0,0,0.0,Low
M K VISHNUPRASAD,M.K. VISHNUPRASAD,Tamil Nadu,CUDDALORE,1,0.0,450000.0,1899126.0,1449126.0,18.32,18.32,0,0,1,422.02799999999996,Low
VIRENDRA KUMAR,Virendra Kumar,Madhya Pradesh,TIKAMGARH(SC),2,0.0,1449039.0,4232391.0,2928574.0,18.32,24.11,0,0,1,292.08261475364014,Low
RAJEEV BHARDWAJ,RAJEEV BHARDWAJ,Himachal Pradesh,KANGRA,2,0.0,300000.0,1343341.0,1243341.0,17.885,27.82,0,0,1,447.7803333333333,Low
KOTA SRINIVAS POOJARY,KOTA SRINIVAS POOJARY,Karnataka,UDUPI CHIKMAGALUR,3,0.0,1298517.0,4893912.0,4093912.0,17.796666666666667,28.5,0,0,2,376.88470770887096,Low
FAGGAN SINGH KULASTE,Faggan Singh Kulaste,Madhya Pradesh,MANDLA(ST),2,0.0,2000000.0,4541000.0,3541000.0,17.29,29.14,0,0,1,227.05,Low
SUDIP BANDYOPADHYAY,Sudip Bandyopadhyay,West Bengal,KOLKATA UTTAR,1,0.0,5000000.0,0.0,0.0,17.12,17.12,0,0,0,0.0,Low
BHARATBHAI MANUBHAI SUTARIYA,BHARATBHAI MANUBHAI SUTARIYA,Gujarat,AMRELI,2,0.0,600000.0,3607870.0,3307870.0,16.875,27.52,0,0,1,601.3116666666667,Low
ANAND BHADAURIYA,ANAND BHADAURIYA,Uttar Pradesh,DHAURAHRA,1,0.0,1000000.0,0.0,0.0,16.76,16.76,0,0,0,0.0,Low
KALIPADA SAREN,KALIPADA SAREN,West Bengal,JHARGRAM(ST),2,5930740.0,5930740.0,0.0,0.0,16.73,17.52,0,0,0,0.0,Low
ANTO ANTONY,Anto Antony,Kerala,PATHANAMTHITTA,6,3587631.0,2417190.0,801857.0,0.0,16.546666666666667,30.99,0,0,1,33.17310596188136,Low
JITENDRA SINGH,Jitendra Singh,Jammu And Kashmir,UDHAMPUR,2,0.0,469169.0,2251969.0,2083969.0,16.025,27.18,0,0,1,479.99100537333027,Low
RAJU BISTA,Raju Bista,West Bengal,DARJEELING,4,1752119.0,1987274.0,1483321.0,498196.0,16.0125,24.15,0,0,2,74.6409906233363,Low
ARUP CHAKRABORTY,ARUP CHAKRABORTY,West Bengal,BANKURA,1,0.0,4020731.0,0.0,0.0,15.99,15.99,0,0,0,0.0,Low
PRALHAD VENKATESH JOSHI,Pralhad Venkatesh Joshi,Karnataka,DHARWAD,2,895320.0,995031.0,3788911.0,3288911.0,15.835,27.05,0,0,1,380.7832117793315,Low
MANNA LAL RAWAT,MANNA LAL RAWAT,Rajasthan,UDAIPUR(ST),2,1093000.0,1200000.0,1719695.0,719695.0,15.715,27.1,0,0,1,143.30791666666667,Low
GM HARISH BALAYOGI,GM Harish Balayogi,Andhra Pradesh,AMALAPURAM(SC),1,3507771.0,3507771.0,0.0,0.0,15.49,15.49,0,0,0,0.0,Low
SMT S JOTHIMANI,Smt S Jothimani,Tamil Nadu,KARUR,1,0.0,137500.0,199966.0,62466.0,15.45,15.45,0,0,1,145.42981818181818,Low
JANARDAN MISHRA,Janardan Mishra,Madhya Pradesh,REWA,1,0.0,3663450.0,0.0,0.0,14.95,14.95,0,0,0,0.0,Low
K SUBBARAYAN,K Subbarayan,Tamil Nadu,TIRUPPUR,4,3833574.0,7630059.0,0.0,0.0,14.892500000000002,25.35,0,0,0,0.0,Low
SASIKANTH SENTHIL,Sasikanth Senthil,Tamil Nadu,TIRUVALLUR(SC),2,434216.0,1085066.0,1557710.0,917549.0,14.854999999999999,22.33,0,0,1,143.55900931371917,Low
GURMEET SINGH MEET HAYER,GURMEET SINGH MEET HAYER,Punjab,SANGRUR,1,300000.0,300000.0,0.0,0.0,14.77,14.77,0,0,0,0.0,Low
RAKIBUL HUSSAIN,RAKIBUL HUSSAIN,Assam,DHUBRI,3,1500000.0,1500000.0,1921593.0,1199986.0,14.540000000000001,26.34,0,0,1,128.1062,Low
RAHUL GANDHI,RAHUL GANDHI,Uttar Pradesh,RAE BARELI,1,500000.0,500000.0,331291.0,0.0,14.47,14.47,0,0,1,66.2582,Low
SHATRUGHAN SINHA,Shatrughan Sinha,West Bengal,ASANSOL,2,0.0,7496000.0,0.0,0.0,14.175,23.71,0,0,0,0.0,Low
SHRI SUDHEER GUPTA,Shri Sudheer Gupta,Madhya Pradesh,MANDSOUR,2,550000.0,799246.0,575000.0,75754.0,13.649999999999999,23.99,0,0,1,71.9428060947443,Low
HARENDRA SINGH MALIK,HARENDRA SINGH MALIK,Uttar Pradesh,MUZAFFARNAGAR,2,2687000.0,2185000.0,105478.0,0.0,13.515,20.45,0,0,1,4.827368421052632,Low
GYANESHWAR PATIL,Gyaneshwar Patil,Madhya Pradesh,KHANDWA,3,100000.0,1000000.0,1319136.0,869136.0,13.366666666666667,20.07,0,0,1,131.9136,Low
MITESH RAMESHBHAI BAKABHAI PATEL,Mitesh Rameshbhai Bakabhai Patel,Gujarat,ANAND,2,0.0,548225.0,2504137.0,2155637.0,13.265,21.41,0,0,1,456.77176341830454,Low
JITENDRA KUMAR DOHARE,JITENDRA KUMAR DOHARE,Uttar Pradesh,ETAWAH(SC),2,0.0,537828.0,1037220.0,768720.0,13.260000000000002,21.76,0,0,1,192.85347731988665,Low
PRIYA SAROJ,PRIYA SAROJ,Uttar Pradesh,MACHHLISHAHR(SC),1,3646225.0,41792.0,0.0,0.0,13.2,13.2,0,0,0,0.0,Low
BALASHOWRY VALLABBHANENI,Balashowry Vallabbhaneni,Andhra Pradesh,MACHILIPATNAM,2,1195297.0,880986.0,967831.0,586831.0,13.135,19.21,0,0,1,109.85770488974853,Low
MIDHUN REDDY,Midhun Reddy,Andhra Pradesh,RAJAMPET,1,0.0,500000.0,981744.0,481744.0,13.11,13.11,0,0,1,196.34879999999998,Low
CHHOTELAL,CHHOTELAL,Uttar Pradesh,ROBERTSGANJ(SC),2,1700000.0,432999.0,182650.0,5651.0,13.004999999999999,15.35,0,0,2,42.18254545622507,Low
SHRI GURJEET SINGH AUJLA,Shri Gurjeet Singh Aujla,Punjab,AMRITSAR,1,0.0,700000.0,0.0,0.0,12.89,12.89,0,0,0,0.0,Low
MAHESH KASHYAP,MAHESH KASHYAP,Chhattisgarh,BASTAR(ST),2,0.0,978916.0,2108230.0,1283222.0,12.71,14.86,0,0,1,215.36372885926883,Low
BHARATSINHJI SHANKARJI DABHI,Bharatsinhji Shankarji Dabhi,Gujarat,PATAN,2,300000.0,800000.0,700000.0,200000.0,12.655,23.68,0,0,1,87.5,Low
SHRI ABHISHEK BANERJEE,Shri Abhishek Banerjee,West Bengal,DIAMOND HARBOUR,2,1397670.0,1894000.0,1143503.0,243503.0,12.625,16.14,0,0,2,60.37502639915523,Low
BASTIPATI NAGARAJU PANCHALINGALA,BASTIPATI NAGARAJU PANCHALINGALA,Andhra Pradesh,KURNOOL,1,2998485.0,2998485.0,0.0,0.0,12.58,12.58,0,0,0,0.0,Low
SMT SAJDA AHMED,Smt Sajda Ahmed,West Bengal,ULUBERIA,2,1629039.0,1748128.0,996658.0,0.0,12.425,19.12,0,0,1,57.01287319921653,Low
RAJ KUMAR ROAT,RAJ KUMAR ROAT,Rajasthan,BANSWARA(ST),1,2000000.0,300000.0,0.0,0.0,12.18,12.18,0,0,1,0.0,Low
ALOK KUMAR SUMAN,Alok Kumar Suman,Bihar,GOPALGANJ (SC),3,1032374.0,3022374.0,2849175.0,1854175.0,12.08,20.07,0,0,1,94.26943852746219,Low
CN ANNADURAI,CN Annadurai,Tamil Nadu,TIRUVANNAMALAI,2,1435000.0,1435000.0,445468.0,10468.0,12.025,22.19,0,0,1,31.043066202090593,Low
SHRI ARJUN RAM MEGHWAL,Shri Arjun Ram Meghwal,Rajasthan,BIKANER(SC),2,0.0,2100000.0,1962162.0,399841.0,12.025,12.05,0,0,2,93.43628571428572,Low
THARANIVENTHAN M S,THARANIVENTHAN M S,Tamil Nadu,ARANI,2,956670.0,956670.0,0.0,0.0,11.92,14.68,0,0,2,0.0,Low
BAPI HALDAR,BAPI HALDAR,West Bengal,MATHURAPUR(SC),2,508710.0,849380.0,497927.0,148547.0,11.49,13.58,0,0,2,58.62240693211519,Low
DR RANI SRI KUMAR,DR RANI SRI KUMAR,Tamil Nadu,TENKASI(SC),2,5582079.0,4482079.0,0.0,0.0,11.114999999999998,12.78,0,0,0,0.0,Low
NAVEEN JINDAL,NAVEEN JINDAL,Haryana,KURUKSHETRA,2,0.0,1600000.0,1063230.0,0.0,11.02,21.77,0,0,1,66.451875,Low
KONDA VISHWESHWAR REDDY,KONDA VISHWESHWAR REDDY,Telangana,CHELVELLA,2,0.0,998483.0,1237552.0,739069.0,10.91,15.14,0,0,1,123.94322186757311,Low
OMPRAKASH BHUPALSINH ALIAS PAWAN RAJENIMBALKAR,Omprakash Bhupalsinh Alias Pawan Rajenimbalkar,Maharashtra,OSMANABAD,4,1049942.0,1599674.0,1978374.0,1228374.0,10.8875,16.46,0,0,1,123.67357349059871,Low
MANICKAM TAGORE B,Manickam Tagore B,Tamil Nadu,VIRUDHUNAGAR,2,3300000.0,3249124.0,744259.0,0.0,10.785,12.26,0,0,0,22.906451092663747,Low
RAMPRIT MANDAL,Ramprit Mandal,Bihar,JHANJHARPUR,1,200000.0,200000.0,0.0,0.0,10.75,10.75,0,0,0,0.0,Low
K C VENUGOPAL,K. C VENUGOPAL,Kerala,ALAPPUZHA,4,4799776.0,4658334.0,154707.0,0.0,10.747499999999999,23.07,0,0,1,3.321080025605721,Low
ABHAY KUMAR SINHA,ABHAY KUMAR SINHA,Bihar,AURANGABAD_BR,3,998133.0,1096748.0,2005001.0,1207253.0,10.74,14.76,0,0,2,182.81328071717476,Low
JYOTSNA CHARANDAS MAHANT,Jyotsna Charandas Mahant,Chhattisgarh,KORBA,2,650000.0,500000.0,569193.0,269193.0,10.56,15.98,0,0,1,113.83859999999999,Low
S VENKATESAN,S Venkatesan,Tamil Nadu,MADURAI,1,0.0,2500000.0,0.0,0.0,10.55,10.55,0,0,0,0.0,Low
BHUPENDER YADAV,BHUPENDER YADAV,Rajasthan,ALWAR,1,1500000.0,1200000.0,0.0,0.0,10.54,10.54,0,0,1,0.0,Low
K RADHAKRISHNAN,K RADHAKRISHNAN,Kerala,ALATHUR(SC),1,2871509.0,2871509.0,0.0,0.0,10.51,10.51,0,0,0,0.0,Low
PRADAN BARUAH,Pradan Baruah,Assam,LAKHIMPUR,2,3600000.0,2000000.0,350377.0,0.0,10.46,12.03,0,0,0,17.51885,Low
SURESH KUMAR KASHYAP,Suresh Kumar Kashyap,Himachal Pradesh,SHIMLA (SC),2,0.0,350000.0,800000.0,550000.0,9.99,15.0,0,0,1,228.57142857142856,Low
SHRIMANT CHH UDAYANRAJE PRATAPSINHAMAHARAJ BHONSLE,SHRIMANT CHH UDAYANRAJE PRATAPSINHAMAHARAJ BHONSLE,Maharashtra,SATARA,2,0.0,1700000.0,2106470.0,1406470.0,9.905000000000001,14.14,0,0,1,123.91000000000001,Low
PRABHUBHAI NAGARBHAI VASAVA,Prabhubhai Nagarbhai Vasava,Gujarat,BARDOLI(ST),3,369350.0,1767000.0,250000.0,175000.0,9.459999999999999,17.16,0,0,1,14.148273910582908,Low
RAMASHANKAR RAJBHAR,RAMASHANKAR RAJBHAR,Uttar Pradesh,SALEMPUR,3,1174511.0,1619000.0,1692076.0,1092076.0,9.25,19.04,0,0,1,104.5136504014824,Low
DR LATA WANKHEDE,DR. LATA WANKHEDE,Madhya Pradesh,SAGAR,2,2698500.0,1200000.0,713029.0,13029.0,9.084999999999999,11.61,0,0,1,59.41908333333333,Low
SAUMITRA KHAN,Saumitra khan,West Bengal,BISHNUPUR(SC),1,259864.0,649868.0,0.0,0.0,9.02,9.02,0,0,1,0.0,Low
K E PRAKASH,K E PRAKASH,Tamil Nadu,ERODE,2,0.0,2300000.0,400000.0,0.0,8.85,17.4,0,0,0,17.391304347826086,Low
PRADEEP KUMAR SINGH,Pradeep Kumar Singh,Bihar,ARARIA,1,448127.0,2475000.0,0.0,0.0,8.79,8.79,0,0,0,0.0,Low
SARABJEET SINGH KHALSA,SARABJEET SINGH KHALSA,Punjab,FARIDKOT(SC),2,1238044.0,500000.0,390894.0,190894.0,8.785,15.35,0,0,1,78.17880000000001,Low
SANTOSH PANDEY,Santosh Pandey,Chhattisgarh,RAJNANDGAON,1,2499475.0,2499475.0,0.0,0.0,8.47,8.47,0,0,0,0.0,Low
MANI A,MANI. A.,Tamil Nadu,DHARAMAPURI,2,0.0,2655000.0,1498703.0,498703.0,8.33,13.38,0,0,1,56.44832391713748,Low
RICHARD VANLALHMANGAIHA,RICHARD VANLALHMANGAIHA,Mizoram,MIZORAM (ST),2,350000.0,2057115.0,490000.0,240000.0,8.23,13.16,0,0,1,23.819767003789288,Low
GANESAN SELVAM,Ganesan Selvam,Tamil Nadu,KANCHEEPURAM(SC),2,1899661.0,2248588.0,0.0,0.0,8.219999999999999,11.7,0,0,1,0.0,Low
GAURAV GOGOI,GAURAV GOGOI,Assam,JORHAT,2,0.0,350000.0,405950.0,205950.0,8.075,11.99,0,0,1,115.9857142857143,Low
AFZAL ANSARI,AFZAL ANSARI,Uttar Pradesh,GHAZIPUR,3,0.0,1739700.0,599279.0,199279.0,7.913333333333334,14.22,0,0,1,34.44726102201529,Low
SMT SATABDI ROY BANERJEE,Smt Satabdi Roy (Banerjee),West Bengal,BIRBHUM,2,973383.0,780089.0,249653.0,0.0,7.859999999999999,12.77,0,0,0,32.003143231092864,Low
BAG MITALI,BAG MITALI,West Bengal,ARAMBAG(SC),2,377848.0,877848.0,1358026.0,858026.0,7.525,12.58,0,0,1,154.6994468290638,Low
V S MATHESWARAN,V S Matheswaran,Tamil Nadu,NAMAKKAL,3,1850000.0,1049965.0,649675.0,299675.0,7.473333333333333,13.12,0,0,1,61.87587205287796,Low
RADHE SHYAM RATHIYA,RADHE SHYAM RATHIYA,Chhattisgarh,RAIGARH(ST),2,0.0,2000000.0,1304437.0,304437.0,7.3149999999999995,12.11,0,0,1,65.22185,Low
SHRI PP CHAUDHARY,Shri PP Chaudhary,Rajasthan,PALI,1,2257000.0,2257000.0,0.0,0.0,7.26,7.26,0,0,0,0.0,Low
PRANITI SUSHILKUMAR SHINDE,PRANITI SUSHILKUMAR SHINDE,Maharashtra,SOLAPUR(SC),1,499880.0,499880.0,0.0,0.0,7.15,7.15,0,0,0,0.0,Low
KALYAN BANERJEE,Kalyan Banerjee,West Bengal,SREERAMPUR,2,0.0,1665355.0,450683.0,0.0,7.029999999999999,12.36,0,0,0,27.06227801279607,Low
GIRIDHARI YADAV,Giridhari Yadav,Bihar,BANKA,1,1995127.0,1995127.0,0.0,0.0,7.0,7.0,0,0,0,0.0,Low
GAJENDRA SINGH PATEL,Gajendra Singh Patel,Madhya Pradesh,KHARGONE(ST),2,2000000.0,1900000.0,0.0,0.0,6.945,9.66,0,0,1,0.0,Low
ARUN NEHRU,ARUN NEHRU,Tamil Nadu,PERAMBALUR,2,3460000.0,1570000.0,0.0,0.0,6.92,9.85,0,0,0,0.0,Low
RAVI SHANKAR PRASAD,Ravi Shankar Prasad,Bihar,PATNA SAHIB,1,68653.0,68653.0,0.0,0.0,6.88,6.88,0,0,0,0.0,Low
SANATAN PANDEY,SANATAN PANDEY,Uttar Pradesh,BALLIA,2,0.0,906470.0,216409.0,0.0,6.845000000000001,11.57,0,0,0,23.873818217922267,Low
DURGA DAS UIKEY,Durga Das Uikey,Madhya Pradesh,BETUL(ST),2,0.0,381092.0,75000.0,0.0,6.845,12.33,0,0,0,19.680287174750454,Low
SHRI VIJAYAKUMAR VASANTH,Shri vijayakumar Vasanth,Tamil Nadu,KANNIYAKUMARI,2,3500000.0,2500000.0,0.0,0.0,6.710000000000001,9.21,0,0,0,0.0,Low
AWADHESH PRASAD,AWADHESH PRASAD,Uttar Pradesh,FAIZABAD,1,2538520.0,918944.0,0.0,0.0,6.58,6.58,0,0,0,0.0,Low
VIJAY KUMAR DUBEY,Vijay Kumar Dubey,Uttar Pradesh,KUSHI NAGAR,3,472468.0,1433513.0,0.0,0.0,6.456666666666667,13.82,0,0,1,0.0,Low
BRIJMOHAN AGRAWAL,BRIJMOHAN AGRAWAL,Chhattisgarh,RAIPUR,2,1000000.0,1000000.0,802008.0,302008.0,6.43,10.12,0,0,1,80.2008,Low
SHRI HIBI EDEN,Shri Hibi Eden,Kerala,ERNAKULAM,2,1676035.0,1676035.0,0.0,0.0,6.275,9.67,0,0,0,0.0,Low
AZAD KIRTI JHA,AZAD KIRTI JHA,West Bengal,BARDHAMAN-DURGAPUR,2,0.0,1281205.0,398628.0,0.0,5.93,10.24,0,0,0,31.113522035895897,Low
PARTHA BHOWMICK,PARTHA BHOWMICK,West Bengal,BARRACKPUR,1,700000.0,700000.0,0.0,0.0,5.91,5.91,0,0,0,0.0,Low
AKSHAYA YADAV,AKSHAYA YADAV,Uttar Pradesh,FIROZABAD,1,1898082.0,1898082.0,0.0,0.0,5.91,5.91,0,0,0,0.0,Low
RAHUL SINGH LODHI,RAHUL SINGH LODHI,Madhya Pradesh,DAMOH,1,1800000.0,198723.0,0.0,0.0,5.83,5.83,0,0,0,0.0,Low
PATHAN YUSUF,PATHAN YUSUF,West Bengal,BAHARAMPUR,1,0.0,2000000.0,0.0,0.0,5.82,5.82,0,0,0,0.0,Low
SUDHAKAR SINGH,SUDHAKAR SINGH,Bihar,BUXAR,2,2323370.0,1971228.0,0.0,0.0,5.695,8.5,0,0,0,0.0,Low
PRASUN BANERJEE,Prasun Banerjee,West Bengal,HOWRAH,1,0.0,2500000.0,0.0,0.0,5.68,5.68,0,0,0,0.0,Low
JAGANNATH SARKAR,Jagannath Sarkar,West Bengal,RANAGHAT(SC),2,0.0,1306488.0,793627.0,279545.0,5.68,9.49,0,0,1,60.745066162107875,Low
MANJU SHARMA,MANJU SHARMA,Rajasthan,JAIPUR,1,2500000.0,500000.0,0.0,0.0,5.6,5.6,0,0,0,0.0,Low
SHRI HANUMAN BENIWAL,Shri Hanuman Beniwal,Rajasthan,NAGAUR,1,64000.0,400000.0,0.0,0.0,5.51,5.51,0,0,0,0.0,Low
SHER SINGH GHUBAYA,SHER SINGH GHUBAYA,Punjab,FIROZPUR,1,232532.0,232532.0,0.0,0.0,5.43,5.43,0,0,0,0.0,Low
MADHAVANENI RAGHUNANDAN RAO,MADHAVANENI RAGHUNANDAN RAO,Telangana,MEDAK,2,1250000.0,1500000.0,0.0,0.0,5.365,10.19,0,0,0,0.0,Low
CHANDRA SHEKHAR,CHANDRA SHEKHAR,Uttar Pradesh,NAGINA(SC),1,1935889.0,1670509.0,0.0,0.0,5.21,5.21,0,0,0,0.0,Low
DR DHARAMVIRA GANDHI,DR DHARAMVIRA GANDHI,Punjab,PATIALA,1,80000.0,80000.0,0.0,0.0,5.12,5.12,0,0,0,0.0,Low
RACHNA BANERJEE,RACHNA BANERJEE,West Bengal,HOOGHLY,2,1616395.0,1616395.0,0.0,0.0,5.12,6.3,0,0,0,0.0,Low
S JAGATHRAKSHAKAN,S. Jagathrakshakan,Tamil Nadu,ARAKKONAM,1,999654.0,996610.0,0.0,0.0,5.11,5.11,0,0,0,0.0,Low
SMT POONAMBEN HEMATBHAI MAADAM,Smt Poonamben Hematbhai Maadam,Gujarat,JAMNAGAR,1,0.0,298400.0,0.0,0.0,5.06,5.06,0,0,0,0.0,Low
MUKESH RAJPUT,Mukesh Rajput,Uttar Pradesh,FARRUKHABAD,1,0.0,222921.0,0.0,0.0,4.98,4.98,0,0,0,0.0,Low
RAJESHBHAI NARANBHAI CHUDASAMA,Rajeshbhai Naranbhai Chudasama,Gujarat,JUNAGADH,1,0.0,300000.0,0.0,0.0,4.9,4.9,0,0,0,0.0,Low
NITIN JAIRAM GADKARI,Nitin Jairam Gadkari,Maharashtra,NAGPUR,1,458593.0,458593.0,0.0,0.0,4.72,4.72,0,0,0,0.0,Low
SHRI LS TEJASVI SURYA,Shri LS Tejasvi Surya,Karnataka,BANGALORE SOUTH,2,999500.0,2499434.0,0.0,0.0,4.675000000000001,4.94,0,0,0,0.0,Low
VISHWESHWAR HEGDE KAGERI,VISHWESHWAR HEGDE KAGERI,Karnataka,UTTARA KANNADA,2,0.0,1500000.0,525000.0,0.0,4.6499999999999995,9.12,0,0,0,35.0,Low
MANOJ TIWARI,Manoj Tiwari,Delhi,NORTH EAST DELHI,1,0.0,898145.0,0.0,0.0,4.61,4.61,0,0,0,0.0,Low
RAM PRASAD CHAUDHARY,RAM PRASAD CHAUDHARY,Uttar Pradesh,BASTI,1,0.0,1410100.0,0.0,0.0,4.53,4.53,0,0,0,0.0,Low
DR RAJ KUMAR CHABBEWAL,DR. RAJ KUMAR CHABBEWAL,Punjab,HOSHIARPUR(SC),1,200000.0,200000.0,0.0,0.0,4.39,4.39,0,0,0,0.0,Low
ROOP KUMARI CHOUDHARY,ROOP KUMARI CHOUDHARY,Chhattisgarh,MAHASAMUND,1,500000.0,250000.0,0.0,0.0,4.37,4.37,0,0,0,0.0,Low
D RAVIKUMAR,D Ravikumar,Tamil Nadu,VILUPPURAM(SC),1,800000.0,600000.0,0.0,0.0,4.37,4.37,0,0,0,0.0,Low
DILESHWAR KAMAIT,Dileshwar Kamait,Bihar,SUPAUL,2,2634593.0,2383770.0,0.0,0.0,4.13,5.2,0,0,0,0.0,Low
AMRARAM,AMRARAM,Rajasthan,SIKAR,1,0.0,290931.0,0.0,0.0,4.04,4.04,0,0,0,0.0,Low
SHASHANK MANI,SHASHANK MANI,Uttar Pradesh,DEORIA,1,968898.0,996628.0,0.0,0.0,4.02,4.02,0,0,0,0.0,Low
DR SUKANTA MAJUMDAR,Dr Sukanta Majumdar,West Bengal,BALURGHAT,1,300000.0,300000.0,0.0,0.0,3.86,3.86,0,0,0,0.0,Low
RADHA MOHAN SINGH,Radha Mohan Singh,Bihar,PURVI CHAMPARAN,1,1479192.0,1482448.0,0.0,0.0,3.78,3.78,0,0,0,0.0,Low
THALIKKOTTAI RAJUTHEVAR BAALU,Thalikkottai Rajuthevar Baalu,Tamil Nadu,SRIPERUMBUDUR,2,0.0,2949583.0,0.0,0.0,3.7,4.09,0,0,0,0.0,Low
SHRI TAPIR GAO,Shri Tapir Gao,Arunachal Pradesh,ARUNACHAL EAST,2,2000000.0,3200000.0,0.0,0.0,3.63,4.11,0,0,0,0.0,Low
SANJNA JATAV,SANJNA JATAV,Rajasthan,BHARATPUR(SC),1,500000.0,300000.0,0.0,0.0,3.6,3.6,0,0,0,0.0,Low
DAGGUMALLA PRASADA RAO,DAGGUMALLA PRASADA RAO,Andhra Pradesh,CHITTOOR,1,350000.0,500000.0,0.0,0.0,3.51,3.51,0,0,0,0.0,Low
AMOL RAMSING KOLHE,Amol Ramsing Kolhe,Maharashtra,SHIRUR,3,499493.0,2499187.0,0.0,0.0,3.5066666666666664,8.18,0,0,0,0.0,Low
JYOTIRADITYA M SCINDIA,JYOTIRADITYA M. SCINDIA,Madhya Pradesh,GUNA,1,585000.0,321000.0,0.0,0.0,3.45,3.45,0,0,0,0.0,Low
SHRI ANIL FIROJIYA,Shri Anil Firojiya,Madhya Pradesh,UJJAIN(SC),1,0.0,100000.0,0.0,0.0,3.43,3.43,0,0,0,0.0,Low
KANWAR SINGH TANWAR,KANWAR SINGH TANWAR,Uttar Pradesh,AMROHA,1,0.0,1492916.0,0.0,0.0,3.41,3.41,0,0,0,0.0,Low
DEVUSINH JESINGBHAI CHAUHAN,Devusinh Jesingbhai Chauhan,Gujarat,KHEDA,1,0.0,450000.0,0.0,0.0,3.38,3.38,0,0,0,0.0,Low
BUNTY VIVEK SAHU,BUNTY VIVEK SAHU,Madhya Pradesh,CHHINDWARA,1,0.0,100000.0,0.0,0.0,3.25,3.25,0,0,0,0.0,Low
ADHIKARI SOUMENDU,ADHIKARI SOUMENDU,West Bengal,KANTHI,2,0.0,3689724.0,0.0,0.0,3.235,4.79,0,0,0,0.0,Low
ANOOP PRADHAN BALMIKI,ANOOP PRADHAN BALMIKI,Uttar Pradesh,HATHRAS (SC),1,0.0,1942383.0,0.0,0.0,3.23,3.23,0,0,0,0.0,Low
R K CHAUDHARY,R.K. CHAUDHARY,Uttar Pradesh,MOHANLALGANJ(SC),1,0.0,107985.0,0.0,0.0,2.94,2.94,0,0,0,0.0,Low
SMT HIMADRI SINGH,Smt Himadri Singh,Madhya Pradesh,SHAHDOL (ST),1,1499800.0,1000000.0,0.0,0.0,2.93,2.93,0,0,0,0.0,Low
VIJAYLAKSHMI DEVI,VIJAYLAKSHMI DEVI,Bihar,SIWAN,2,998018.0,1951000.0,0.0,0.0,2.9050000000000002,4.23,0,0,0,0.0,Low
SANJAY UTTAMRAO DESHMUKH,Sanjay Uttamrao Deshmukh,Maharashtra,YAVATMAL-WASHIM,1,500000.0,500000.0,0.0,0.0,2.85,2.85,0,0,0,0.0,Low
SHRIRANG APPA BARNE,Shrirang Appa Barne,Maharashtra,MAVAL,2,1992236.0,1992236.0,0.0,0.0,2.765,4.78,0,0,0,0.0,Low
RAJKUMAR CHAHAR,Rajkumar Chahar,Uttar Pradesh,FATEHPUR SIKRI,1,248596.0,248833.0,0.0,0.0,2.73,2.73,0,0,0,0.0,Low
DAMODAR AGARWAL,DAMODAR AGARWAL,Rajasthan,BHILWARA,1,0.0,492788.0,0.0,0.0,2.73,2.73,0,0,0,0.0,Low
MOHIBBULLAH,MOHIBBULLAH,Uttar Pradesh,RAMPUR,1,586039.0,200502.0,0.0,0.0,2.73,2.73,0,0,0,0.0,Low
MAHESH SHARMA,Mahesh Sharma,Uttar Pradesh,GAUTAM BUDDHA NAGAR,1,906023.0,906023.0,0.0,0.0,2.71,2.71,0,0,0,0.0,Low
BACHHAV SHOBHA DINESH,BACHHAV SHOBHA DINESH,Maharashtra,DHULE,1,1000000.0,1000000.0,0.0,0.0,2.68,2.68,0,0,0,0.0,Low
KALI CHARAN MUNDA,KALI CHARAN MUNDA,Jharkhand,KHUNTI(ST),1,200000.0,500000.0,0.0,0.0,2.65,2.65,0,0,0,0.0,Low
ATUL GARG,ATUL GARG,Uttar Pradesh,GHAZIABAD,1,0.0,988479.0,0.0,0.0,2.64,2.64,0,0,0,0.0,Low
OM BIRLA,Om Birla,Rajasthan,KOTA,1,998893.0,500000.0,0.0,0.0,2.6,2.6,0,0,0,0.0,Low
LAVU SRI KRISHNA DEVARAYALU,Lavu Sri Krishna Devarayalu,Andhra Pradesh,NARASARAOPET,1,416758.0,416758.0,0.0,0.0,2.6,2.6,0,0,0,0.0,Low
KARAN BHUSHAN SINGH,KARAN BHUSHAN SINGH,Uttar Pradesh,KAISERGANJ,1,1039280.0,700000.0,0.0,0.0,2.59,2.59,0,0,0,0.0,Low
ARVIND GANPAT SAWANT,Arvind Ganpat Sawant,Maharashtra,MUMBAI SOUTH,2,0.0,3295410.0,0.0,0.0,2.555,3.56,0,0,0,0.0,Low
NARAYAN DAS AHIRWAR,NARAYAN DAS AHIRWAR,Uttar Pradesh,JALAUN(SC),2,454299.0,481871.64,0.0,0.0,2.545,3.58,0,0,0,0.0,Low
SANJAY HARIBHAU JADHAV,Sanjay Haribhau Jadhav,Maharashtra,PARBHANI,2,1200000.0,1699154.0,0.0,0.0,2.53,3.36,0,0,0,0.0,Low
ANURAG SHARMA,Anurag Sharma,Uttar Pradesh,JHANSI,1,498365.0,224200.0,0.0,0.0,2.52,2.52,0,0,0,0.0,Low
NALIN SOREN,NALIN SOREN,Jharkhand,DUMKA(ST),1,300000.0,300000.0,0.0,0.0,2.5,2.5,0,0,0,0.0,Low
KRISHNA DEVI SHIVSHANKER PATEL,KRISHNA DEVI SHIVSHANKER PATEL,Uttar Pradesh,BANDA,1,999000.0,226698.0,0.0,0.0,2.48,2.48,0,0,0,0.0,Low
MALVIKA DEVI,MALVIKA DEVI,Odisha,KALAHANDI,1,500000.0,200000.0,0.0,0.0,2.37,2.37,0,0,0,0.0,Low
PROF SP SINGH BAGHEL,Prof SP Singh Baghel,Uttar Pradesh,AGRA(SC),1,264075.0,264075.0,0.0,0.0,2.22,2.22,0,0,0,0.0,Low
T SUMATHY A THAMIZHACHI THANGAPANDIAN,T Sumathy (A) Thamizhachi Thangapandian,Tamil Nadu,CHENNAI SOUTH,1,0.0,1600000.0,0.0,0.0,2.12,2.12,0,0,0,0.0,Low
S SUPONGMEREN JAMIR,S SUPONGMEREN JAMIR,Nagaland,NAGALAND,1,1087620.0,300000.0,0.0,0.0,2.12,2.12,0,0,0,0.0,Low
SHIVMANGAL SINGH TOMAR,SHIVMANGAL SINGH TOMAR,Madhya Pradesh,MORENA,1,800000.0,800000.0,0.0,0.0,2.07,2.07,0,0,0,0.0,Low
GUMMA THANUJA RANI,Gumma Thanuja Rani,Andhra Pradesh,ARAKU(ST),1,0.0,1394400.0,0.0,0.0,1.98,1.98,0,0,0,0.0,Low
SAVITRI THAKUR,SAVITRI THAKUR,Madhya Pradesh,DHAR(ST),1,0.0,166026.0,0.0,0.0,1.96,1.96,0,0,0,0.0,Low
SMITA UDAY WAGH,SMITA UDAY WAGH,Maharashtra,JALGAON,2,0.0,2998933.0,0.0,0.0,1.785,3.17,0,0,0,0.0,Low
SACHITHANANTHAM R,SACHITHANANTHAM R,Tamil Nadu,DINDIGUL,1,1483160.0,1000000.0,0.0,0.0,1.78,1.78,0,0,0,0.0,Low
C R PATIL,C R Patil,Gujarat,NAVSARI,1,500000.0,500000.0,0.0,0.0,1.71,1.71,0,0,0,0.0,Low
DR MOHAMMAD JAWED,Dr Mohammad Jawed,Bihar,KISHANGANJ,2,0.0,1270000.0,0.0,0.0,1.62,1.62,0,0,0,0.0,Low
SANJAY SETH,Sanjay Seth,Jharkhand,RANCHI,1,0.0,255800.0,0.0,0.0,1.6,1.6,0,0,0,0.0,Low
MALA ROY,Mala Roy,West Bengal,KOLKATA DAKSHIN,1,0.0,1449042.0,0.0,0.0,1.6,1.6,0,0,0,0.0,Low
BIJULI KALITA MEDHI,BIJULI KALITA MEDHI,Assam,GUWAHATI,2,1300000.0,1300000.0,0.0,0.0,1.5750000000000002,2.47,0,0,0,0.0,Low
SALENG A SANGMA,SALENG A SANGMA,Meghalaya,TURA,1,1000000.0,1000000.0,0.0,0.0,1.49,1.49,0,0,0,0.0,Low
HARSH MALHOTRA,Harsh Malhotra,Delhi,EAST DELHI,1,0.0,668063.0,0.0,0.0,1.48,1.48,0,0,0,0.0,Low
CHANDRA PRAKASH JOSHI,Chandra Prakash Joshi,Rajasthan,CHITTORGARH,1,400000.0,400000.0,0.0,0.0,1.47,1.47,0,0,0,0.0,Low
ASHOK KUMAR YADAV,Ashok Kumar Yadav,Bihar,MADHUBANI,2,0.0,990000.0,0.0,0.0,1.22,2.44,0,0,0,0.0,Low
PROF SOUGATA RAY,Prof Sougata Ray,West Bengal,DUM DUM,1,0.0,1000000.0,0.0,0.0,1.21,1.21,0,0,0,0.0,Low
ARUN GOVIL,ARUN GOVIL,Uttar Pradesh,MEERUT,1,967230.0,967230.0,0.0,0.0,1.11,1.11,0,0,0,0.0,Low
BRIJENDRA SINGH OLA,BRIJENDRA SINGH OLA,Rajasthan,JHUNJHUNU,1,0.0,1000000.0,0.0,0.0,1.0,1.0,0,0,0,0.0,Low
VINOD CHAVDA,Vinod Chavda,Gujarat,KACHCHH(SC),1,500000.0,500000.0,0.0,0.0,0.99,0.99,0,0,0,0.0,Low
SWAMI SACHCHIDANANDHARI SAKSHI JI MAHARAJ,Swami Sachchidanandhari Sakshi ji Maharaj,Uttar Pradesh,UNNAO,1,848185.0,1066257.0,0.0,0.0,0.97,0.97,0,0,0,0.0,Low
DR HEMANG JOSHI,DR. HEMANG JOSHI,Gujarat,VADODARA,1,0.0,625000.0,0.0,0.0,0.86,0.86,0,0,0,0.0,Low
MANOJ KUMAR,MANOJ KUMAR,Bihar,SASARAM(SC),1,889391.0,700000.0,0.0,0.0,0.73,0.73,0,0,0,0.0,Low
TARIQ ANWAR,TARIQ ANWAR,Bihar,KATIHAR,1,0.0,994740.0,0.0,0.0,0.67,0.67,0,0,0,0.0,Low
PARSHOTTAMBHAI RUPALA,PARSHOTTAMBHAI RUPALA,Gujarat,RAJKOT,2,800000.0,1138978.0,0.0,0.0,0.165,0.33,0,0,0,0.0,Low
CHHATRA PAL SINGH GANGWAR,CHHATRA PAL SINGH GANGWAR,Uttar Pradesh,BAREILLY,1,0.0,683234.0,0.0,0.0,0.15,0.15,0,0,0,0.0,Low
RAKESH RATHOR,RAKESH RATHOR,Uttar Pradesh,SITAPUR,2,0.0,1731818.0,0.0,0.0,0.095,0.19,0,0,0,0.0,Low
PRIYANKA SATISH JARKIHOLI,PRIYANKA SATISH JARKIHOLI,Karnataka,CHIKKODI,1,0.0,800000.0,0.0,0.0,0.09,0.09,0,0,0,0.0,Low
RAJESH VERMA,RAJESH VERMA,Bihar,KHAGARIA,2,0.0,1962059.0,0.0,0.0,0.0,0.0,0,0,0,0.0,Low
